,title,genres,rating,rating_voters,season,studio,origin,pg,type,episode_count
0,Другая сторона сэйю на радио,Драма;Комедия;Школа,7.7,178.0,Весна 2024,Connect,ТВ Сериал,16+,ТВ Сериал,12
1,Истории подделок,Детектив;Комедия;Сверхъестественное;Этти,8.7,1593.0,Зима 2012,SHAFT,ТВ Сериал,18+,ТВ Сериал,11
2,Дневник будущего: Повторный набор,Психологическое;Сверхъестественное;Сёнэн;Экшен,8.1,3135.0,,asread,OVA,18+,OVA,1
3,Рассвет Йоны,Комедия;Приключения;Романтика;Сёдзё;Фэнтези;Экшен,8.9,2891.0,Осень 2014,Studio Pierrot,ТВ Сериал,16+,ТВ Сериал,24
4,"Дальше, чем космос",Драма;Комедия;Повседневность;Приключения,8.7,459.0,Зима 2018,Madhouse Studios,ТВ Сериал,16+,ТВ Сериал,13
5,Взрывной храбрец Брэйверн,Военное;Комедия;Меха;Фантастика;Экшен,6.0,396.0,Зима 2024,,ТВ Сериал,16+,ТВ Сериал,12
6,Темнее черного,Детектив;Супер сила;Фантастика;Экшен,8.9,4025.0,Весна 2007,Bones,ТВ Сериал,18+,ТВ Сериал,25
7,Маги: Лабиринт магии,Магия;Приключения;Сёнэн;Фэнтези;Экшен,8.7,2862.0,Осень 2012,A-1 Pictures Inc.,ТВ Сериал,16+,ТВ Сериал,25
8,Президент студсовета — горничная! Спешл,Комедия;Сёдзё;Школа,8.3,1256.0,,J.C. Staff,Спешл,16+,Спешл,1
9,Нет игры - нет жизни: Спешлы,Игры;Фэнтези;Этти,7.9,2792.0,,Madhouse Studios,Спешл,16+,Спешл,6
10,Миг за мигом,Детектив;Драма;Психологическое;Сверхъестественное;Сэйнэн,8.1,945.0,Зима 2018,Geno Studio,ТВ Сериал,18+,ТВ Сериал,12
11,Черный кот,Комедия;Приключения;Сёнэн;Супер сила;Фантастика,7.4,284.0,Осень 2005,Gonzo,ТВ Сериал,16+,ТВ Сериал,23
12,У Коми проблемы с общением,Комедия;Повседневность;Сёнэн;Школа,8.4,13919.0,Осень 2021,Oriental Light and Magic,ТВ Сериал,16+,ТВ Сериал,12
13,Непутёвый ученик в школе магии: Воспоминания,Сверхъестественное;Фантастика,8.9,1867.0,,8bit,Спешл,16+,Спешл,1
14,Подземелье Токио,Приключения;Романтика;Сёнэн;Супер сила;Фантастика;Экшен,7.2,163.0,Весна 2002,Studio Pierrot,ТВ Сериал,12+,ТВ Сериал,26
15,Нет игры — нет жизни,Игры;Комедия;Сверхъестественное;Фэнтези;Этти,8.9,18543.0,Весна 2014,Madhouse Studios,ТВ Сериал,18+,ТВ Сериал,12
16,Баскетбольный клуб!,Комедия;Спорт;Школа;Этти,6.7,295.0,Лето 2011,Barnum Studio,ТВ Сериал,16+,ТВ Сериал,12
17,Психопаспорт 3,Детектив;Полиция;Психологическое;Фантастика;Экшен,8.0,1648.0,Осень 2019,Production I.G,ТВ Сериал,18+,ТВ Сериал,8
18,Мэри и ведьмин цветок,Магия;Приключения;Фэнтези,8.6,1913.0,,Studio Ponoc,Фильм,16+,Фильм,1
19,Маленькие проказники!,Драма;Комедия;Повседневность;Сверхъестественное;Школа,7.9,323.0,Осень 2012,J.C. Staff,ТВ Сериал,16+,ТВ Сериал,26
20,Аоаси,Спорт;Сэйнэн,9.1,3906.0,Весна 2022,Production I.G,ТВ Сериал,16+,ТВ Сериал,24
21,Атака титанов 3. Часть 2,Военное;Детектив;Драма;Сёнэн;Супер сила;Фэнтези;Экшен,9.4,24260.0,Весна 2019,Wit Studio,ТВ Сериал,18+,ТВ Сериал,10
22,Вечера с кошкой 2,Комедия,8.9,613.0,,Studio Puyukai,ONA,6+,ONA,30
23,Малыши! Чёрный клевер,Комедия;Магия;Сёнэн;Фэнтези,6.7,389.0,,DLE Inc.,ONA,16+,ONA,8
24,Книга магии для начинающих с нуля,Приключения;Фэнтези;Экшен,8.3,4142.0,Весна 2017,White Fox,ТВ Сериал,16+,ТВ Сериал,12
25,Тетрадь дружбы Нацумэ 6: Спешлы,Драма;Повседневность;Сверхъестественное;Сёдзё;Фэнтези,8.8,265.0,,Studio Shuka,Спешл,16+,Спешл,2
26,Фокусница-старшеклассница,Комедия;Сэйнэн;Школа;Этти,7.3,2018.0,Лето 2019,LIDEN FILMS,ТВ Сериал,16+,ТВ Сериал,12
27,Ван-Пис 3D: Погоня за соломенной шляпой,Комедия;Приключения;Сёнэн;Фэнтези;Экшен,5.8,354.0,,Toei Animation,Фильм,16+,Фильм,1
28,Империя мёртвых,Исторический;Психологическое;Фантастика,8.1,1634.0,,Wit Studio,Фильм,18+,Фильм,1
29,Смертельный укус,Сэйнэн;Ужасы;Фантастика;Экшен;Этти,7.7,1900.0,Зима 2018,LIDEN FILMS,ТВ Сериал,18+,ТВ Сериал,12
30,Усио и Тора,Демоны;Комедия;Приключения;Сверхъестественное;Сёнэн;Экшен,8.8,1816.0,Лето 2015,MAPPA,ТВ Сериал,16+,ТВ Сериал,26
31,Вольный стиль!,Драма;Комедия;Повседневность;Спорт;Школа,8.4,2924.0,Лето 2013,Animation Do,ТВ Сериал,16+,ТВ Сериал,12
32,"Луна, Лайка и Носферату",Вампиры;Космос;Фантастика,8.5,3028.0,Осень 2021,,ТВ Сериал,18+,ТВ Сериал,12
33,Красноволосая принцесса Белоснежка OVA,Драма;Романтика;Сёдзё;Фэнтези,8.8,871.0,,Bones,OVA,16+,OVA,1
34,Лунное путешествие приведёт к новому миру 2,Комедия;Приключения;Фэнтези;Экшен,9.0,14227.0,Зима 2024,J.C. Staff,ТВ Сериал,16+,ТВ Сериал,25
35,Чистый звук,Драма;Музыка;Повседневность;Сёнэн;Школа,8.5,1296.0,Весна 2021,Shin-Ei Animation,ТВ Сериал,16+,ТВ Сериал,12
36,Re: Жизнь с нуля в альтернативном мире: Снежные воспоминания,Драма;Психологическое;Триллер;Фэнтези,8.4,5014.0,,White Fox,Фильм,16+,Фильм,1
37,Грибной щенок,Повседневность;Сэйнэн,6.9,111.0,Осень 2024,C-Station,ТВ Сериал,16+,ТВ Сериал,1
38,Трусливый велосипедист 2: Большая дорога,Драма;Комедия;Сёнэн;Спорт,7.9,308.0,Осень 2014,TMS Entertainment,ТВ Сериал,16+,ТВ Сериал,24
39,Один из отвергнутых: Изгой 2,Сверхъестественное;Супер сила;Экшен,8.2,960.0,,Haoliners Animation League,ONA,18+,ONA,1
40,Кайдзи,Игры;Психологическое;Сэйнэн;Триллер,8.7,1700.0,Осень 2007,Madhouse Studios,ТВ Сериал,18+,ТВ Сериал,26
41,Рыцари усердия,Дзёсэй;Спорт;Школа,6.9,164.0,Лето 2019,Gonzo,ТВ Сериал,16+,ТВ Сериал,12
42,"Витубер: Я стала популярной после того, как забыла выключить стрим",Комедия,6.9,1372.0,Лето 2024,TNK,ТВ Сериал,16+,ТВ Сериал,12
43,Супербои в повседневности,Гарем;Комедия;Сверхъестественное;Школа,7.2,532.0,Осень 2014,Trigger,ТВ Сериал,16+,ТВ Сериал,12
44,А всё-таки город вертится,Комедия;Повседневность;Сэйнэн,7.2,173.0,Осень 2010,SHAFT,ТВ Сериал,16+,ТВ Сериал,12
45,Из нового света,Детектив;Драма;Психологическое;Сверхъестественное;Ужасы;Фантастика,8.1,1107.0,Осень 2012,A-1 Pictures Inc.,ТВ Сериал,18+,ТВ Сериал,25
46,Лу за стеной,Музыка;Приключения;Фэнтези,8.0,221.0,,Science SARU,Фильм,16+,Фильм,1
47,"В лес, где мерцают светлячки",Драма;Романтика;Сверхъестественное;Сёдзё,9.1,11901.0,,Brains Base,Фильм,6+,Фильм,1
48,Ещё больше любовных неприятностей,Гарем;Комедия;Сёнэн;Фантастика;Школа;Этти,8.0,1120.0,Осень 2010,XEBEC,ТВ Сериал,18+,ТВ Сериал,12
49,Забвение бэттери,Сёнэн;Спорт;Школа,8.2,500.0,Весна 2024,MAPPA,ТВ Сериал,16+,ТВ Сериал,12
50,Волшебный учитель Нэгима! Белые крылья,Вампиры;Гарем;Комедия;Магия;Приключения;Романтика;Сверхъестественное;Сёнэн;Этти,6.1,127.0,,SHAFT,OVA,16+,OVA,3
51,Трусливый велосипедист: Перерождение,Драма;Комедия;Сёнэн;Спорт,5.2,105.0,,TMS Entertainment,Фильм,16+,Фильм,1
52,Повседневная жизнь бессмертного короля 4,Комедия;Приключения;Фэнтези;Школа,8.3,1773.0,,,ONA,16+,ONA,1
53,Кровопийцы,Вампиры;Сверхъестественное;Экшен,6.8,651.0,Осень 2016,Creators in Pack,ТВ Сериал,18+,ТВ Сериал,12
54,Ван-Пис: Футбольный король мечты,Комедия;Сёнэн;Спорт;Фэнтези,7.2,473.0,,Toei Animation,Спешл,16+,Спешл,1
55,Фантазия Гранблю,Приключения;Фэнтези,7.3,818.0,Весна 2017,A-1 Pictures Inc.,ТВ Сериал,16+,ТВ Сериал,13
56,"Последнее поле брани между тобой и мной, или Святая война сотворения мира",Военное;Романтика;Фэнтези;Экшен,8.2,5855.0,Осень 2020,Silver Link,ТВ Сериал,16+,ТВ Сериал,12
57,SK8: На скейте в бесконечность,Комедия;Спорт,9.3,19777.0,Зима 2021,Bones,ТВ Сериал,12+,ТВ Сериал,12
58,Восхождение в тени!,Комедия;Фэнтези;Экшен,8.9,33578.0,Осень 2022,Nexus,ТВ Сериал,18+,ТВ Сериал,20
59,Синий экзорцист: Нечестивый король Киото OVA,Демоны;Сверхъестественное;Сёнэн;Фэнтези;Экшен,8.2,806.0,,A-1 Pictures Inc.,OVA,16+,OVA,2
60,Рок-шоу!!,Комедия;Музыка,7.6,292.0,Весна 2015,Bones,ТВ Сериал,12+,ТВ Сериал,12
61,Пингвиний барабан,Безумие;Детектив;Драма;Комедия;Психологическое,7.3,259.0,Лето 2011,Brains Base,ТВ Сериал,18+,ТВ Сериал,24
62,Плач Асуры 2,Меха;Сверхъестественное;Экшен,6.6,110.0,Осень 2009,Seven Arcs,ТВ Сериал,16+,ТВ Сериал,13
63,Как воспитать героиню из обычной девушки 2: Эпизод 0,Гарем;Комедия;Романтика;Школа;Этти,8.1,895.0,,A-1 Pictures Inc.,Спешл,16+,Спешл,1
64,"Ты единственная, кто любит Великого Меня?! OVA",Комедия;Романтика;Школа,8.8,3539.0,,Студийная Банда,OVA,16+,OVA,1
65,Граница пустоты 8: Эпилог,Детектив,8.0,480.0,,ufotable,Спешл,16+,Спешл,1
66,Королевская игра,Безумие;Детектив;Драма;Сверхъестественное;Ужасы;Школа,6.9,2840.0,Осень 2017,Seven,ТВ Сериал,18+,ТВ Сериал,12
67,Акватоп белого песка,Драма;Повседневность,8.1,584.0,Лето 2021,P.A. Works,ТВ Сериал,16+,ТВ Сериал,24
68,Ковбой Бибоп,Драма;Комедия;Космос;Приключения;Фантастика;Экшен,9.3,8848.0,Весна 1998,Sunrise,ТВ Сериал,18+,ТВ Сериал,26
69,Куроицу из отдела сверхчеловеческого развития,Комедия;Фэнтези,6.7,863.0,Зима 2022,,ТВ Сериал,16+,ТВ Сериал,12
70,Принц после школы,Комедия;Сёнэн;Спорт;Школа,,,,,Спешл,16+,Спешл,5
71,Путешествие Кино: Прекрасный мир,Повседневность;Приключения;Психологическое;Экшен,8.8,354.0,Весна 2003,A.C.G.T.,ТВ Сериал,18+,ТВ Сериал,13
72,Пожарный Дайго: Спаситель в оранжевом,Драма;Сёнэн;Экшен,7.2,365.0,Осень 2023,Brains Base,ТВ Сериал,16+,ТВ Сериал,24
73,Акудама Драйв,Фантастика;Экшен,8.7,14034.0,Осень 2020,Studio Pierrot,ТВ Сериал,18+,ТВ Сериал,12
74,Давайте сыграем: Спешлы,Комедия,7.1,187.0,,Lerche,Спешл,16+,Спешл,2
75,Моя геройская академия 3,Комедия;Сёнэн;Супер сила;Школа;Экшен,8.8,14045.0,Весна 2018,Bones,ТВ Сериал,16+,ТВ Сериал,25
76,Яркая Тихая 2,Дзёсэй;Драма;Игры;Повседневность;Спорт;Школа,8.7,410.0,Зима 2013,Madhouse Studios,ТВ Сериал,16+,ТВ Сериал,25
77,Стальная тревога! Новый рейд: Выходной день капитана,Комедия,7.8,265.0,,,Спешл,16+,Спешл,1
78,Вперед! Вперед! 575,Повседневность,5.0,150.0,Зима 2014,C2C,ТВ Сериал,16+,ТВ Сериал,4
79,Удар! Гол в будущее,Сёнэн;Спорт,6.1,306.0,Лето 2022,EMT²,ТВ Сериал,16+,ТВ Сериал,13
80,Ради своей дочери я смогу победить даже короля демонов,Повседневность;Фэнтези,8.6,3373.0,Лето 2019,,ТВ Сериал,16+,ТВ Сериал,12
81,Ария,Повседневность;Сёнэн;Фантастика;Фэнтези,8.0,160.0,Осень 2005,Hal Film Maker,ТВ Сериал,6+,ТВ Сериал,13
82,Высокая скорость: Так начинался «Вольный стиль!»,Драма;Комедия;Повседневность;Спорт;Школа,8.8,574.0,,Kyoto Animation,Фильм,16+,Фильм,1
83,Промар,Меха;Супер сила;Фантастика;Экшен,8.2,1380.0,,Trigger,Фильм,16+,Фильм,1
84,Господин и пёс,Исторический;Повседневность;Самураи,7.9,139.0,Осень 2024,Oriental Light and Magic,ТВ Сериал,16+,ТВ Сериал,24
85,Девять золушек в августе,Спорт;Школа,6.5,129.0,Весна 2019,TMS Entertainment,ТВ Сериал,16+,ТВ Сериал,12
86,Дворянство: Пробуждение,Вампиры;Сверхъестественное;Школа;Экшен,8.9,1927.0,,Production I.G,ONA,18+,ONA,1
87,Бродяга Кэнсин: Беспорядки в Киото,Исторический;Самураи;Сёнэн;Экшен,9.1,470.0,Осень 2024,LIDEN FILMS,ТВ Сериал,16+,ТВ Сериал,1
88,Легенда о Белом Коте 2,Боевые искусства;Детектив;Исторический;Комедия;Экшен,7.9,170.0,,,ONA,16+,ONA,1
89,Торадора! OVA,Комедия;Повседневность;Романтика;Школа,8.2,876.0,,J.C. Staff,OVA,16+,OVA,1
90,Бегущий по лезвию: Чёрный лотос,Триллер;Фантастика,5.5,466.0,Осень 2021,Sola Digital Arts,ТВ Сериал,18+,ТВ Сериал,13
91,Команда мечты,Драма;Комедия;Сёнэн;Спорт;Школа,8.5,1461.0,Осень 2019,Diomedea,ТВ Сериал,16+,ТВ Сериал,50
92,Двуличная сестренка Умару! 2,Комедия;Повседневность;Сэйнэн;Школа,7.9,2186.0,Осень 2017,Dogakobo,ТВ Сериал,16+,ТВ Сериал,12
93,Наруто: Ураганные хроники,Боевые искусства;Комедия;Сёнэн;Супер сила;Экшен,9.3,24660.0,Зима 2007,Studio Pierrot,ТВ Сериал,18+,ТВ Сериал,500
94,Скитальцы,Исторический;Комедия;Приключения;Самураи;Сэйнэн;Фэнтези;Экшен,9.0,6840.0,Осень 2016,Hoods Drifters Studio,ТВ Сериал,18+,ТВ Сериал,12
95,Война двенадцати,Экшен,7.9,3648.0,Осень 2017,Graphinica,ТВ Сериал,18+,ТВ Сериал,12
96,Семь смертных грехов: Гнев богов,Магия;Приключения;Сверхъестественное;Сёнэн;Фэнтези;Экшен,8.2,8288.0,Осень 2019,Studio DEEN,ТВ Сериал,16+,ТВ Сериал,24
97,Зачатие: Роди мне ребёнка!,Гарем;Магия;Приключения;Романтика;Фэнтези;Экшен,5.0,1280.0,Осень 2018,Gonzo,ТВ Сериал,16+,ТВ Сериал,12
98,Перестану быть героем,Комедия;Приключения;Фэнтези;Экшен,8.1,12347.0,Весна 2022,EMT²,ТВ Сериал,16+,ТВ Сериал,12
99,Девушки-пони: Славное дерби,Спорт,7.7,736.0,Весна 2018,P.A. Works,ТВ Сериал,16+,ТВ Сериал,13
100,Слабый удар: Последняя стадия,Драма;Романтика;Фантастика;Экшен,8.4,607.0,Осень 2018,Diomedea,ТВ Сериал,16+,ТВ Сериал,4
101,Хочу стать сильнейшей в мире!,Спорт;Экшен;Этти,5.8,282.0,Осень 2013,Arms,ТВ Сериал,18+,ТВ Сериал,12
102,"Танцуй свой танец, танцор",Драма;Сэйнэн,8.5,999.0,Весна 2022,MAPPA,ТВ Сериал,16+,ТВ Сериал,11
103,Блейм!,Меха;Фантастика,6.3,301.0,,Group TAC,ONA,18+,ONA,6
104,Медуза не умеет плавать в ночи,,8.7,2412.0,Весна 2024,Dogakobo,ТВ Сериал,16+,ТВ Сериал,12
105,Фена: Принцесса пиратов,Приключения;Экшен,8.5,2941.0,Лето 2021,Production I.G,ТВ Сериал,16+,ТВ Сериал,12
106,Семейка Франкенштейн,Повседневность;Сэйнэн;Фантастика,7.2,663.0,,,ONA,16+,ONA,12
107,Магистр дьявольского культа: Чиби,Исторический;Комедия;Магия;Сверхъестественное,9.1,1058.0,,G.CMay Animation & Film,ONA,16+,ONA,30
108,Мув-Лув: Альтернатива 2,Военное;Драма;Меха;Фантастика;Экшен,7.4,191.0,Осень 2022,Graphinica,ТВ Сериал,18+,ТВ Сериал,12
109,Наш дождливый протокол,Экшен,7.0,1029.0,Осень 2023,,ТВ Сериал,16+,ТВ Сериал,12
110,Фантастическая Звезда Онлайн 2: Эпизод Оракул,Космос;Фантастика;Экшен,6.9,177.0,Осень 2019,Gonzo,ТВ Сериал,16+,ТВ Сериал,25
111,Жрицы с мечами,Фэнтези;Экшен,7.6,177.0,Зима 2018,Studio Gokumi,ТВ Сериал,16+,ТВ Сериал,24
112,Живая любовь! Суперзвезда!! 2,Музыка;Повседневность;Школа,7.6,178.0,Лето 2022,Sunrise,ТВ Сериал,16+,ТВ Сериал,12
113,Судьба/Апокриф,Драма;Исторический;Магия;Сверхъестественное;Фэнтези;Экшен,8.2,1742.0,Лето 2017,A-1 Pictures Inc.,ТВ Сериал,18+,ТВ Сериал,25
114,Покемон: Солнце и луна,Детское;Игры;Фэнтези;Школа;Экшен,7.4,436.0,Осень 2016,Oriental Light and Magic,ТВ Сериал,12+,ТВ Сериал,146
115,Смертельный бильярд,Детектив;Драма;Игры;Психологическое;Триллер,8.8,2831.0,,Madhouse Studios,Фильм,18+,Фильм,1
116,Поэзия теней: Пламя,Игры;Фэнтези,5.2,162.0,Весна 2022,ZEXCS,ТВ Сериал,16+,ТВ Сериал,50
117,Некий научный Рейлган S: Все важнейшие открытия делаются во время купания,Комедия,6.4,198.0,,J.C. Staff,OVA,16+,OVA,1
118,Волейбол!! Начало и конец,Драма;Комедия;Сёнэн;Спорт;Школа,8.8,1602.0,,Production I.G,Фильм,16+,Фильм,1
119,Клуб кабуки: Спешл,Школа,,,,Studio DEEN,Спешл,16+,Спешл,1
120,Аниме-истории,Комедия;Пародия;Школа,6.6,197.0,Осень 2017,Wao World,ТВ Сериал,16+,ТВ Сериал,12
121,Цикл историй: Второй сезон,Вампиры;Детектив;Комедия;Романтика;Сверхъестественное,9.0,1249.0,Лето 2013,SHAFT,ТВ Сериал,18+,ТВ Сериал,26
122,Песня боевых принцесс: Мехасимфония 2,Музыка;Фантастика;Экшен,6.3,115.0,Лето 2013,Satelight,ТВ Сериал,16+,ТВ Сериал,13
123,Брачные узы с семьёй Амагами,Гарем;Комедия;Романтика;Сёнэн,7.4,377.0,Осень 2024,,ТВ Сериал,16+,ТВ Сериал,1
124,Флотская коллекция. Фильм,Военное;Драма;Фантастика;Экшен,6.8,127.0,,Diomedea,Фильм,16+,Фильм,1
125,Калигула,Фантастика;Экшен,6.5,222.0,Весна 2018,Satelight,ТВ Сериал,16+,ТВ Сериал,12
126,Семейная жизнь легкомысленной ведьмы,Комедия;Фэнтези,7.6,2305.0,Осень 2023,A-Real,ТВ Сериал,16+,ТВ Сериал,12
127,Принц тенниса: Спешлы,Драма;Комедия;Сёнэн;Спорт,,,,Production I.G,Спешл,16+,Спешл,8
128,Бесконечный Дендрограм,Игры;Фэнтези,7.7,3827.0,Зима 2020,NAZ,ТВ Сериал,16+,ТВ Сериал,13
129,Технороид: Сверхразум,Детектив;Музыка;Повседневность;Фантастика,7.0,379.0,Зима 2023,Dogakobo,ТВ Сериал,16+,ТВ Сериал,12
130,Игра друзей,Игры;Психологическое;Сёнэн,9.0,17053.0,Весна 2022,,ТВ Сериал,18+,ТВ Сериал,12
131,Первый шаг: Путь чемпиона,Комедия;Сёнэн;Спорт,8.8,543.0,,Madhouse Studios,Спешл,16+,Спешл,1
132,Синий экзорцист: Спешлы,Сверхъестественное;Сёнэн;Фэнтези;Экшен,7.8,1046.0,,A-1 Pictures Inc.,Спешл,16+,Спешл,10
133,"Активный рейд: Мобильная боевая дивизия, восьмой отряд 2",Комедия;Меха;Полиция;Фантастика,5.1,101.0,Лето 2016,Production IMS,ТВ Сериал,16+,ТВ Сериал,12
134,О моём перерождении в слизь,Сёнэн;Фэнтези,9.1,25171.0,Осень 2018,8bit,ТВ Сериал,18+,ТВ Сериал,24
135,Великий из бродячих псов 2,Детектив;Сверхъестественное;Сэйнэн;Экшен,8.9,11028.0,Осень 2016,Bones,ТВ Сериал,18+,ТВ Сериал,12
136,Семь смертных грехов,Магия;Приключения;Сверхъестественное;Сёнэн;Фэнтези;Экшен;Этти,8.8,14997.0,Осень 2014,A-1 Pictures Inc.,ТВ Сериал,16+,ТВ Сериал,24
137,Очаровательная богиня еды 3,Драма;Исторический;Комедия;Романтика,8.6,540.0,,,ONA,16+,ONA,12
138,Яркая Тихая 3,Дзёсэй;Драма;Игры;Повседневность;Спорт;Школа,8.6,379.0,Осень 2019,Madhouse Studios,ТВ Сериал,16+,ТВ Сериал,24
139,Синяя тюрьма: Блю Лок против юношеской сборной Японии,Сёнэн;Спорт,7.5,1872.0,Осень 2024,8bit,ТВ Сериал,16+,ТВ Сериал,1
140,Мастера Меча Онлайн: Алисизация — Война в Подмирье,Игры;Приключения;Романтика;Фэнтези;Экшен,8.7,11874.0,Осень 2019,A-1 Pictures Inc.,ТВ Сериал,18+,ТВ Сериал,12
141,Путь аса: Второй акт,Комедия;Сёнэн;Спорт;Школа,8.8,335.0,Весна 2019,Madhouse Studios,ТВ Сериал,16+,ТВ Сериал,52
142,Лунный проект 2,Музыка,,,Лето 2021,PRA,ТВ Сериал,16+,ТВ Сериал,13
143,Не ешь сырую свинину,Комедия;Приключения;Фэнтези,6.8,1610.0,Осень 2023,Project No.9,ТВ Сериал,16+,ТВ Сериал,12
144,Босоногий Гэн 2,Драма;Исторический;Сёнэн,8.4,452.0,,Madhouse Studios,Фильм,16+,Фильм,1
145,Миллион Артуров: Спешл,Магия;Приключения;Фэнтези;Экшен,,,,J.C. Staff,Спешл,16+,Спешл,1
146,Дропкик злого духа: Конец века,Комедия;Сверхъестественное,6.1,179.0,,,Спешл,16+,Спешл,1
147,Психические войны,Демоны;Супер сила;Сэйнэн;Экшен,5.2,124.0,,Toei Animation,OVA,18+,OVA,1
148,Моя геройская академия 2,Комедия;Сёнэн;Супер сила;Школа;Экшен,8.8,15458.0,Весна 2017,Bones,ТВ Сериал,16+,ТВ Сериал,25
149,Ну не может моя сестрёнка быть такой милой,Комедия;Повседневность,7.1,1951.0,Осень 2010,AIC Build,ТВ Сериал,18+,ТВ Сериал,12
150,Феи из бутылки,Комедия;Магия;Повседневность;Фэнтези,6.2,163.0,Осень 2003,XEBEC,ТВ Сериал,6+,ТВ Сериал,13
151,Перерождение в аристократа со способностью анализа,Приключения;Фэнтези,7.8,7417.0,Весна 2024,,ТВ Сериал,16+,ТВ Сериал,12
152,Сага о Винланде 2,Драма;Приключения;Экшен,9.0,19118.0,Зима 2023,MAPPA,ТВ Сериал,18+,ТВ Сериал,24
153,Красноволосая принцесса Белоснежка 2,Драма;Романтика;Сёдзё;Фэнтези,8.9,2339.0,Зима 2016,Bones,ТВ Сериал,16+,ТВ Сериал,12
154,Да здравствует Амитабха: Лотус Утены,Фэнтези,7.1,150.0,Весна 2019,Asahi Production,ТВ Сериал,16+,ТВ Сериал,12
155,Гуррен-Лаганн: Спешл,Комедия;Меха;Приключения;Фантастика;Экшен,8.7,844.0,,Gainax,Спешл,16+,Спешл,1
156,Не сдавайся!,Драма;Комедия;Романтика;Сёдзё,9.1,1110.0,Осень 2008,Hal Film Maker,ТВ Сериал,16+,ТВ Сериал,25
157,Фарс из убийства девушки-нежити,Вампиры;Детектив;Исторический;Сверхъестественное;Фэнтези,9.0,8734.0,Лето 2023,,ТВ Сериал,18+,ТВ Сериал,13
158,Триган: Переполох в пустошах,Драма;Комедия;Приключения;Сёнэн;Фантастика;Экшен,9.0,1174.0,,Madhouse Studios,Фильм,16+,Фильм,1
159,Фантазия о Троецарствии: Духовность небес,Исторический;Фэнтези,5.0,338.0,Зима 2022,GEEKTOYS,ТВ Сериал,16+,ТВ Сериал,12
160,Повседневная жизнь бессмертного короля 3,Комедия;Повседневность;Приключения;Фэнтези,7.7,4968.0,,,ONA,16+,ONA,12
161,"Перевоплотился в седьмого принца, так что я буду совершенствовать свою магию, как захочу",Приключения;Фэнтези,8.2,10572.0,Весна 2024,,ТВ Сериал,16+,ТВ Сериал,12
162,Повседневная жизнь бессмертного короля 2,Демоны;Комедия;Повседневность;Приключения;Фэнтези;Школа,7.9,8797.0,,Haoliners Animation League,ONA,16+,ONA,12
163,Власть книжного червя 2,Повседневность;Фэнтези,8.9,4436.0,Весна 2020,Ajia-Do,ТВ Сериал,16+,ТВ Сериал,12
164,Слишком много проигравших героинь!,Комедия;Романтика;Школа,8.5,5165.0,Лето 2024,A-1 Pictures Inc.,ТВ Сериал,16+,ТВ Сериал,12
165,Дорога зверя,Комедия;Сёнэн;Фэнтези,7.7,3357.0,Осень 2019,ENGI,ТВ Сериал,18+,ТВ Сериал,12
166,Восемьдесят шесть: Спецвыпуск,Военное;Драма;Фантастика;Экшен,8.6,2519.0,,A-1 Pictures Inc.,Спешл,18+,Спешл,1
167,Тетрадь дружбы Нацумэ: Нянко-сэнсэй и первое поручение,Драма;Повседневность;Сверхъестественное;Сёдзё;Фэнтези,8.7,256.0,,Brains Base,Спешл,16+,Спешл,1
168,Дворянство: Начало разрушения,Приключения;Сверхъестественное;Экшен,8.7,1394.0,,StudioAnimal Co.,OVA,18+,OVA,1
169,"Время пыток, принцесса!",Комедия;Сёнэн;Фэнтези,6.6,1363.0,Зима 2024,Pine Jam,ТВ Сериал,16+,ТВ Сериал,12
170,Токийские мстители,Драма;Сверхъестественное;Сёнэн;Школа;Экшен,8.8,33461.0,Весна 2021,LIDEN FILMS,ТВ Сериал,18+,ТВ Сериал,24
171,Горячий парень Джей,Меха;Полиция;Приключения;Фантастика;Экшен,6.8,129.0,Осень 2002,Satelight,ТВ Сериал,16+,ТВ Сериал,25
172,Ми-ми-ми-мишка 2,Комедия;Приключения;Фэнтези,7.8,1693.0,Весна 2023,EMT²,ТВ Сериал,16+,ТВ Сериал,12
173,Юна и горячие источники с призраками,Гарем;Комедия;Романтика;Сверхъестественное;Сёнэн;Этти,8.3,1391.0,,Signal. MD,OVA,18+,OVA,4
174,"Клинок, рассекающий демонов: Деревня кузнецов",Исторический;Сёнэн;Фэнтези;Экшен,9.2,35680.0,Весна 2023,ufotable,ТВ Сериал,18+,ТВ Сериал,11
175,Члены школьного совета,Комедия;Повседневность;Сёнэн;Школа,7.8,508.0,,GoHands,Фильм,18+,Фильм,1
176,Семья шпиона,Комедия;Сёнэн;Экшен,9.2,38688.0,Весна 2022,CloverWorks,ТВ Сериал,16+,ТВ Сериал,12
177,Берсерк,Военное;Демоны;Драма;Приключения;Романтика;Сверхъестественное;Сэйнэн;Ужасы;Фэнтези;Экшен,9.4,17009.0,Осень 1997,Oriental Light and Magic,ТВ Сериал,18+,ТВ Сериал,25
178,Моя геройская академия 4,Комедия;Сёнэн;Супер сила;Школа;Экшен,8.9,14522.0,Осень 2019,Bones,ТВ Сериал,16+,ТВ Сериал,25
179,О движении Земли,Драма;Исторический;Сэйнэн,9.2,1715.0,Осень 2024,Madhouse Studios,ТВ Сериал,18+,ТВ Сериал,1
180,Пропавшие феи 2,Демоны;Магия;Сверхъестественное;Фэнтези;Экшен,8.0,417.0,Осень 2019,P.A. Works,ТВ Сериал,18+,ТВ Сериал,12
181,Цикл историй: Межсезонье и сезон монстров,Вампиры;Детектив;Комедия;Сверхъестественное,8.7,428.0,,SHAFT,ONA,18+,ONA,1
182,Детективное агентство Ли,Детектив;Комедия;Фэнтези;Экшен,7.0,325.0,,,ONA,16+,ONA,6
183,Сказка о сахарном яблоке,Приключения;Романтика;Сёдзё;Фэнтези,8.9,6693.0,Зима 2023,J.C. Staff,ТВ Сериал,16+,ТВ Сериал,12
184,Кулинарные поединки Сомы OVA,Сёнэн;Школа;Этти,8.2,631.0,,J.C. Staff,OVA,16+,OVA,2
185,Ди — охотник на вампиров,Вампиры;Сверхъестественное;Ужасы;Фантастика;Экшен,7.7,778.0,,Production Reed,Фильм,18+,Фильм,1
186,Шумиха! Спешлы,Детектив;Исторический;Комедия;Сверхъестественное;Экшен,7.7,157.0,,Brains Base,Спешл,18+,Спешл,3
187,Царство 4,Военное;Исторический;Сэйнэн;Экшен,9.2,1134.0,Весна 2022,Studio Pierrot,ТВ Сериал,18+,ТВ Сериал,26
188,Сказания Луминарии: Роковое перепутье,,5.5,215.0,,Kamikaze Douga,ONA,16+,ONA,2
189,Старшая карта 2,Супер сила;Фэнтези;Экшен,8.2,1036.0,Зима 2024,Studio Hibari,ТВ Сериал,18+,ТВ Сериал,12
190,Тринити: Семеро магов,Гарем;Комедия;Магия;Романтика;Сверхъестественное;Сёнэн;Фэнтези;Школа;Экшен;Этти,8.0,4768.0,Осень 2014,Seven Arcs Pictures,ТВ Сериал,16+,ТВ Сериал,12
191,Легенда о мане: Кристалл слёз,Приключения,4.9,301.0,Осень 2022,Graphinica,ТВ Сериал,16+,ТВ Сериал,12
192,91 день,Драма;Исторический;Экшен,8.9,10644.0,Лето 2016,Studio Shuka,ТВ Сериал,18+,ТВ Сериал,12
193,16-битная чувственность: Новый слой,Комедия;Сверхъестественное,7.7,1186.0,Осень 2023,,ТВ Сериал,16+,ТВ Сериал,13
194,Рок-шоу! 3,Комедия;Музыка,6.8,122.0,Зима 2020,Kinema Citrus,ТВ Сериал,12+,ТВ Сериал,12
195,Арифурэта: Сильнейший ремесленник в мире — Дополнительные эпизоды,Гарем;Приключения;Фэнтези;Экшен,7.8,2731.0,,,Спешл,16+,Спешл,2
196,Медленный старт,Комедия;Повседневность;Школа,7.4,198.0,Зима 2018,A-1 Pictures Inc.,ТВ Сериал,16+,ТВ Сериал,12
197,Очаровательная богиня еды 2,Драма;Исторический;Комедия;Приключения;Романтика,8.6,982.0,,,ONA,16+,ONA,12
198,Этот замечательный мир! 2,Комедия;Магия;Пародия;Приключения;Сверхъестественное;Фэнтези,8.9,16542.0,Зима 2017,Studio DEEN,ТВ Сериал,16+,ТВ Сериал,10
199,Клинок и душа,Боевые искусства;Приключения;Фэнтези;Экшен,7.0,457.0,Весна 2014,Gonzo,ТВ Сериал,18+,ТВ Сериал,13
200,Тринити: Семеро магов — Небесная библиотека и Багровый Король,Гарем;Комедия;Магия;Романтика;Сёнэн;Фэнтези;Школа;Экшен;Этти,8.4,1689.0,,Seven Arcs Pictures,Фильм,16+,Фильм,1
201,Сказка о девушке эпохи Тайсё,Исторический;Комедия;Повседневность;Романтика;Сёнэн,9.1,3538.0,Осень 2021,SynergySP,ТВ Сериал,12+,ТВ Сериал,12
202,Семь смертных грехов: Недовольство Эдинбурга,Приключения;Сверхъестественное;Фэнтези;Экшен,3.0,2579.0,,Marvy Jack,ONA,16+,ONA,1
203,"Сыграйте круто, ребята",,8.4,684.0,Осень 2022,Studio Pierrot,ТВ Сериал,16+,ТВ Сериал,24
204,Школа между измерениями,Школа,2.9,522.0,Зима 2019,,ТВ Сериал,16+,ТВ Сериал,11
205,Уж не зомби ли это? Среди мертвецов,Гарем;Комедия;Магия;Сверхъестественное;Экшен;Этти,7.8,971.0,Весна 2012,Studio DEEN,ТВ Сериал,18+,ТВ Сериал,10
206,Бог разрушения за соседней партой,Дзёсэй;Комедия;Повседневность;Школа,6.9,919.0,Зима 2020,EMT²,ТВ Сериал,16+,ТВ Сериал,12
207,Дюрарара!! 2: Продолжение,Детектив;Сверхъестественное;Экшен,8.7,1212.0,Лето 2015,Studio Shuka,ТВ Сериал,18+,ТВ Сериал,12
208,Добро пожаловать в NHK,Драма;Комедия;Психологическое;Романтика,8.7,2750.0,Лето 2006,Gonzo,ТВ Сериал,18+,ТВ Сериал,24
209,Ван-Пис фильм 5: Проклятие Святого Меча,Комедия;Приключения;Сёнэн;Супер сила;Фэнтези;Экшен,7.5,448.0,,Toei Animation,Фильм,16+,Фильм,1
210,Глубинное безумие: Потерянное дитя,Фантастика,6.7,1120.0,Осень 2021,Silver Link,ТВ Сериал,18+,ТВ Сериал,12
211,Реинкарнация сильнейшего оммёдзи: Эти монстры слишком слабы по сравнению с моим ёкаем,Приключения;Фэнтези;Экшен,8.1,8864.0,Зима 2023,Studio Blanc,ТВ Сериал,16+,ТВ Сериал,13
212,Сумасшедшие ребята,Комедия;Музыка;Школа,7.6,240.0,Осень 2019,Studio DEEN,ТВ Сериал,16+,ТВ Сериал,11
213,Гуррен-Лаганн: Звёздный свет,Космос;Меха;Супер сила;Фантастика;Экшен,9.1,1226.0,,Gainax,Фильм,18+,Фильм,1
214,Музыкальная школа звёзд 3,Музыка;Повседневность;Школа,5.5,118.0,Лето 2019,C-Station,ТВ Сериал,16+,ТВ Сериал,12
215,Госпожа Кагуя: в любви как на войне — Первый поцелуй никогда не заканчивается,Драма;Комедия;Романтика;Сёнэн;Школа,9.2,5816.0,,A-1 Pictures Inc.,Фильм,16+,Фильм,1
216,Прегрешение: Семь смертных грехов,Фэнтези;Этти,6.8,741.0,Весна 2017,Artland,ТВ Сериал,18+,ТВ Сериал,12
217,Ван-Пис: Золото,Драма;Комедия;Приключения;Сёнэн;Фэнтези;Экшен,8.3,800.0,,Toei Animation,Фильм,16+,Фильм,1
218,Рилаккума и Каору,Детское,6.5,107.0,,dwarf,ONA,6+,ONA,13
219,"На самом деле, я самый сильный?",Приключения;Фэнтези,7.0,8347.0,Лето 2023,,ТВ Сериал,16+,ТВ Сериал,12
220,Брошенный кролик,Дзёсэй;Повседневность,9.2,3228.0,Лето 2011,Production I.G,ТВ Сериал,16+,ТВ Сериал,11
221,Сомали и Дух леса,Демоны;Драма;Повседневность;Приключения;Фэнтези,9.0,3195.0,Зима 2020,Satelight,ТВ Сериал,16+,ТВ Сериал,12
222,Повесть о конце света,Драма;Сверхъестественное;Супер сила;Сэйнэн;Фэнтези;Экшен,8.1,8763.0,,Graphinica,ONA,18+,ONA,12
223,Пластиковые воспоминания,Драма;Романтика;Фантастика,9.0,5458.0,Весна 2015,Dogakobo,ТВ Сериал,16+,ТВ Сериал,13
224,Страна чудес смертников,Сёнэн;Ужасы;Фантастика;Экшен,7.8,4887.0,Весна 2011,Manglobe,ТВ Сериал,18+,ТВ Сериал,12
225,Хладнокровный Хозуки,Демоны;Комедия;Сверхъестественное;Сэйнэн;Фэнтези,8.8,881.0,Зима 2014,Wit Studio,ТВ Сериал,16+,ТВ Сериал,13
226,Лиричная волшебница Наноха: Ас,Драма;Комедия;Магия;Супер сила;Экшен,,,Осень 2005,,ТВ Сериал,16+,ТВ Сериал,13
227,Приключения в другом мире: Воспитывать детей будучи авантюристом,Повседневность;Приключения;Фэнтези,7.4,2870.0,Лето 2024,EMT²,ТВ Сериал,16+,ТВ Сериал,12
228,Ван-Пис: Победить пирата Ганзака!,Комедия;Приключения;Сёнэн;Супер сила;Фэнтези;Экшен,7.6,629.0,,Production I.G,OVA,16+,OVA,1
229,Хранитель вечности,Магия;Сёнэн;Фантастика;Фэнтези;Экшен,8.0,1936.0,Осень 2017,J.C. Staff,ТВ Сериал,18+,ТВ Сериал,12
230,Путь аса 2,Комедия;Сёнэн;Спорт;Школа,8.7,321.0,Весна 2015,Madhouse Studios,ТВ Сериал,16+,ТВ Сериал,51
231,Красавчики-детективы,Детектив;Школа,8.4,1643.0,Весна 2021,SHAFT,ТВ Сериал,16+,ТВ Сериал,12
232,"Сто девушек, которые очень-очень-очень-очень-очень сильно тебя любят",Гарем;Комедия;Пародия;Романтика;Сэйнэн;Школа,8.4,8752.0,Осень 2023,Bibury Animation Studios,ТВ Сериал,16+,ТВ Сериал,12
233,Гуррен-Лаганн: На прорыв!,Комедия;Меха;Экшен,9.0,1045.0,,Gainax,Фильм,16+,Фильм,1
234,Приоритет чудо-яйца: Спецвыпуск,Драма;Психологическое;Фэнтези,7.9,3347.0,,CloverWorks,Спешл,18+,Спешл,1
235,Меч Гая 2,Сверхъестественное;Сэйнэн;Экшен,6.5,243.0,,DLE Inc.,ONA,18+,ONA,12
236,Нодамэ Кантабиле: Финал — Эпизод 0,Дзёсэй;Комедия;Музыка;Романтика,7.1,123.0,,J.C. Staff,Спешл,16+,Спешл,1
237,Re: Перерыв с нуля,Комедия;Приключения;Фэнтези,6.8,962.0,,Studio Puyukai,Спешл,16+,Спешл,11
238,Наруто 10: Последний фильм,Боевые искусства;Романтика;Сёнэн;Супер сила;Экшен,8.8,5038.0,,Studio Pierrot,Фильм,16+,Фильм,1
239,Тамаёми,Спорт;Школа,7.1,137.0,Весна 2020,Studio A-CAT,ТВ Сериал,16+,ТВ Сериал,12
240,Маг-обманщик из другого мира,Приключения;Фэнтези;Экшен,6.7,4286.0,Лето 2019,Encourage Films,ТВ Сериал,16+,ТВ Сериал,12
241,Я хочу съесть твою поджелудочную,Драма,9.1,17595.0,,Studio VOLN,Фильм,16+,Фильм,1
242,Проект воспитания девочек-волшебниц,Магия;Сверхъестественное;Триллер;Фэнтези;Экшен,7.5,428.0,Осень 2016,,ТВ Сериал,18+,ТВ Сериал,12
243,В симуляторе свиданий: Нелёгкая жизнь мобов в мире отомэ-игр,Гарем;Романтика;Фэнтези;Школа,8.6,13245.0,Весна 2022,ENGI,ТВ Сериал,16+,ТВ Сериал,12
244,Пустынная эскадрилья Котобуки,Военное;Приключения;Экшен,7.1,167.0,Зима 2019,GEMBA,ТВ Сериал,16+,ТВ Сериал,12
245,Опасность в моём сердце 2,Комедия;Романтика;Сёнэн;Школа,9.1,5735.0,Зима 2024,Shin-Ei Animation,ТВ Сериал,16+,ТВ Сериал,13
246,Рандеву с жизнью OVA,Гарем;Комедия;Романтика;Фантастика;Школа,8.6,2533.0,,AICPLUS+,OVA,18+,OVA,1
247,Один на вылет,Психологическое;Спорт;Сэйнэн,9.1,1038.0,Осень 2008,Madhouse Studios,ТВ Сериал,16+,ТВ Сериал,25
248,Боевой континент 5,Боевые искусства;Исторический;Приключения;Романтика;Фэнтези;Экшен,8.7,1042.0,,,ONA,16+,ONA,1
249,Сказание о демонах сакуры: Киотский танец,Дзёсэй;Драма;Исторический;Самураи;Сверхъестественное;Экшен,7.9,171.0,,Studio DEEN,Фильм,16+,Фильм,1
250,Специальный отдел криминальных расследований: Токунана,Вампиры;Полиция;Фэнтези;Экшен,7.6,369.0,Осень 2019,,ТВ Сериал,16+,ТВ Сериал,12
251,Псевдонаучный ежемесячник,Детектив;Комедия;Фэнтези,5.6,267.0,Зима 2024,Oriental Light and Magic,ТВ Сериал,16+,ТВ Сериал,12
252,"Может, я встречу тебя в подземелье? OVA",Комедия;Приключения;Романтика;Фэнтези;Экшен,8.4,3154.0,,J.C. Staff,OVA,18+,OVA,1
253,Киберпанк: Бегущие по краю,Фантастика;Экшен,9.2,37780.0,,Trigger,ONA,18+,ONA,10
254,Детектив уже мёртв,Детектив;Драма;Комедия;Романтика,8.2,13381.0,Лето 2021,ENGI,ТВ Сериал,18+,ТВ Сериал,12
255,Баки Ханма,Боевые искусства;Сёнэн;Экшен,8.5,2785.0,,TMS Entertainment,ONA,18+,ONA,12
256,Слушайтесь папу!,Комедия;Повседневность;Романтика,8.1,734.0,Зима 2012,feel.,ТВ Сериал,16+,ТВ Сериал,12
257,Эпоха смут,Боевые искусства;Исторический;Самураи;Супер сила;Экшен,7.2,210.0,Весна 2009,Production I.G,ТВ Сериал,16+,ТВ Сериал,12
258,Литераторы и алхимики: Шестерни судей,Приключения;Фэнтези;Экшен,8.2,900.0,Весна 2020,Oriental Light and Magic,ТВ Сериал,16+,ТВ Сериал,13
259,Сага о Винланде,Драма;Исторический;Приключения;Сэйнэн;Экшен,9.4,23653.0,Лето 2019,Wit Studio,ТВ Сериал,18+,ТВ Сериал,24
260,Неприятности одной девушки-зомби,Сверхъестественное;Ужасы;Экшен,6.3,152.0,,Gonzo,ONA,18+,ONA,1
261,Небесный метод,Драма;Повседневность;Фэнтези;Школа,7.3,220.0,Осень 2014,Studio 3Hz,ТВ Сериал,16+,ТВ Сериал,13
262,Садистская смесь,Комедия;Повседневность;Сэйнэн,8.2,4630.0,Осень 2017,A-1 Pictures Inc.,ТВ Сериал,16+,ТВ Сериал,12
263,Ложные выводы 2,Демоны;Детектив;Романтика;Сверхъестественное;Сёнэн,8.5,4495.0,Зима 2023,Brains Base,ТВ Сериал,18+,ТВ Сериал,12
264,Ублюдок!! Сокрушитель тьмы. Часть 2 ONA,Комедия;Приключения;Фэнтези;Экшен;Этти,7.6,996.0,,LIDEN FILMS,ONA,18+,ONA,11
265,Маг на полную ставку 4,Магия;Фэнтези;Школа;Экшен,8.4,2522.0,,Shanghai Foch Film Culture Investment,ONA,16+,ONA,12
266,Скитальцы: Специальное издание,Исторический;Комедия;Приключения;Самураи;Сэйнэн;Фэнтези;Экшен,8.4,440.0,,Hoods Drifters Studio,OVA,18+,OVA,1
267,Экзотическая семейка,Демоны;Драма;Комедия;Повседневность;Фэнтези,7.5,238.0,Лето 2013,P.A. Works,ТВ Сериал,16+,ТВ Сериал,13
268,Арифурэта: Сильнейший ремесленник в мире 2 — Спецвыпуск,Гарем;Приключения;Фэнтези;Экшен,7.9,801.0,,asread,Спешл,16+,Спешл,1
269,У Коми проблемы с общением 2,Драма;Комедия;Повседневность;Сёнэн;Школа,8.8,8721.0,Весна 2022,Oriental Light and Magic,ТВ Сериал,16+,ТВ Сериал,12
270,Божественная семейка,Драма;Комедия;Романтика;Фэнтези,7.0,261.0,Весна 2006,Toei Animation,ТВ Сериал,16+,ТВ Сериал,13
271,Повелитель 4,Игры;Сверхъестественное;Фэнтези;Экшен,9.1,19985.0,Лето 2022,Madhouse Studios,ТВ Сериал,18+,ТВ Сериал,13
272,Империя Альтаир,Драма;Исторический;Приключения;Сёнэн;Фэнтези,8.3,405.0,Лето 2017,MAPPA,ТВ Сериал,16+,ТВ Сериал,24
273,Великий из бродячих псов,Детектив;Комедия;Сверхъестественное;Сэйнэн;Экшен,8.7,15296.0,Весна 2016,Bones,ТВ Сериал,18+,ТВ Сериал,12
274,"Персона 4: Золотое издание — Благодарю, Мистер Сообщник",Детектив;Драма;Приключения;Сверхъестественное,,,,A-1 Pictures Inc.,Спешл,16+,Спешл,1
275,Граница пустоты 4: Храм пустоты,Детектив;Сверхъестественное;Триллер;Экшен,8.3,615.0,,ufotable,Фильм,18+,Фильм,1
276,Готика,Детектив;Драма;Исторический;Романтика,8.9,3251.0,Зима 2011,Bones,ТВ Сериал,18+,ТВ Сериал,24
277,Клетка духа: Воплощение,Демоны;Драма;Триллер;Ужасы;Фантастика;Экшен,8.1,205.0,,,ONA,18+,ONA,12
278,Дымная трава,Фантастика;Фэнтези,6.9,164.0,Зима 2019,Yaoyorozu,ТВ Сериал,16+,ТВ Сериал,12
279,Моя геройская академия,Комедия;Сёнэн;Супер сила;Школа;Экшен,8.6,18727.0,Весна 2016,Bones,ТВ Сериал,16+,ТВ Сериал,13
280,Озорная Такаги: Водные горки,Комедия;Повседневность;Романтика,8.3,546.0,,Shin-Ei Animation,OVA,16+,OVA,1
281,Блудный сын: Спешлы,Драма;Школа,,,,AIC Classic,Спешл,16+,Спешл,2
282,Фури-кури: Шугейз,Безумие;Комедия;Меха;Пародия;Фантастика;Экшен,6.7,397.0,Осень 2023,NUT,ТВ Сериал,16+,ТВ Сериал,3
283,Лагерь на свежем воздухе 2,Комедия;Повседневность,9.0,957.0,Зима 2021,C-Station,ТВ Сериал,16+,ТВ Сериал,13
284,Любовные неудачи,Гарем;Комедия;Романтика;Школа;Этти,7.4,5477.0,Осень 2022,Passione,ТВ Сериал,18+,ТВ Сериал,12
285,Девушка-целитель,Музыка,6.7,303.0,Весна 2022,Studio 3Hz,ТВ Сериал,16+,ТВ Сериал,12
286,Музыкальная школа звёзд,Музыка;Повседневность;Школа,6.2,133.0,Осень 2015,C-Station,ТВ Сериал,16+,ТВ Сериал,12
287,Остров,Драма;Фантастика,8.0,493.0,Лето 2018,feel.,ТВ Сериал,16+,ТВ Сериал,12
288,"Может, я встречу тебя в подземелье? 4. Часть 2",Комедия;Приключения;Романтика;Фэнтези;Экшен,9.1,10006.0,Зима 2023,J.C. Staff,ТВ Сериал,18+,ТВ Сериал,11
289,Бездельные дни старшеклассницы,Комедия;Школа,8.0,398.0,Лето 2019,Passione,ТВ Сериал,16+,ТВ Сериал,12
290,Амантю! Спешл,Комедия;Повседневность;Сёнэн;Школа,,,,,OVA,16+,OVA,1
291,Невеста чародея 2,Драма;Романтика;Сверхъестественное;Сёнэн;Фэнтези,8.9,4165.0,Весна 2023,,ТВ Сериал,16+,ТВ Сериал,12
292,Манускрипт ниндзя,Боевые искусства;Исторический;Приключения;Романтика;Самураи;Ужасы;Фэнтези;Экшен,9.1,1175.0,,Madhouse Studios,Фильм,18+,Фильм,1
293,Эпоха смут: Последняя вечеринка,Боевые искусства;Исторический;Самураи;Супер сила;Экшен,6.5,108.0,,Production I.G,Фильм,16+,Фильм,1
294,Хикару и Го,Игры;Комедия;Сверхъестественное;Сёнэн,8.8,471.0,Осень 2001,Studio Pierrot,ТВ Сериал,16+,ТВ Сериал,75
295,Боевая лига: Мастера меха-гаджетов,Меха;Фантастика;Экшен,5.9,112.0,,Bandai Namco Pictures,ONA,16+,ONA,26
296,Мемуары Ванитаса,Вампиры;Исторический;Сверхъестественное;Сёнэн;Фэнтези,9.0,14097.0,Лето 2021,Bones,ТВ Сериал,18+,ТВ Сериал,12
297,Любимый во Франксе,Драма;Меха;Романтика;Фантастика;Экшен;Этти,8.0,25664.0,Зима 2018,A-1 Pictures Inc.,ТВ Сериал,18+,ТВ Сериал,24
298,Новый мастер кулинарии 2,Комедия;Сёнэн,5.4,119.0,Зима 2021,NAS,ТВ Сериал,16+,ТВ Сериал,12
299,Вольный стиль! Заплыв в будущее — Эпизод 0,Повседневность;Спорт;Школа,8.1,302.0,,Kyoto Animation,Спешл,16+,Спешл,1
300,Тетрадь дружбы Нацумэ 3,Драма;Повседневность;Сверхъестественное;Сёдзё;Фэнтези,9.1,706.0,Лето 2011,Brains Base,ТВ Сериал,16+,ТВ Сериал,13
301,"В те годы, когда я работал в зоопарке",Комедия;Повседневность,8.0,457.0,,Haoliners Animation League,ONA,16+,ONA,13
302,Король огненной охоты 2,Фэнтези,7.1,282.0,Зима 2024,Signal. MD,ТВ Сериал,16+,ТВ Сериал,10
303,Повар небесной гостиницы,Демоны;Сверхъестественное,8.8,1847.0,Весна 2018,Gonzo,ТВ Сериал,16+,ТВ Сериал,26
304,Дни мечты,Музыка;Повседневность;Школа,5.8,111.0,Лето 2019,Graphinica,ТВ Сериал,16+,ТВ Сериал,12
305,Обручённые кукушками,Гарем;Комедия;Романтика;Сёнэн,7.6,4494.0,Весна 2022,Shin-Ei Animation,ТВ Сериал,16+,ТВ Сериал,24
306,Намбака 2,Драма;Комедия;Экшен,8.7,2475.0,,Satelight,ONA,16+,ONA,12
307,Ну не может моя сестрёнка быть такой милой: Анимированный комментарий,Комедия,5.6,169.0,,AIC Build,Спешл,16+,Спешл,16
308,Арифурэта: Сильнейший ремесленник в мире 3,Гарем;Приключения;Фэнтези;Экшен,8.4,1120.0,Осень 2024,asread,ТВ Сериал,16+,ТВ Сериал,1
309,Волшебник-воин Орфен 3,Боевые искусства;Драма;Приключения;Фэнтези;Экшен,6.7,385.0,Зима 2023,Studio DEEN,ТВ Сериал,16+,ТВ Сериал,12
310,Девушка на час 2,Комедия;Романтика;Сёнэн;Школа,7.9,9714.0,Лето 2022,TMS Entertainment,ТВ Сериал,16+,ТВ Сериал,12
311,Мастера Меча Онлайн: Альтернативная «Призрачная пуля»,Военное;Игры;Фантастика;Фэнтези;Экшен,8.0,4016.0,Весна 2018,Studio 3Hz,ТВ Сериал,16+,ТВ Сериал,12
312,Пламенная бригада пожарных 2,Сверхъестественное;Сёнэн;Экшен,9.1,12136.0,Лето 2020,David Production,ТВ Сериал,18+,ТВ Сериал,24
313,Отвергнутый священный зверь,Военное;Драма;Сёнэн;Фэнтези;Экшен,7.7,993.0,Лето 2019,MAPPA,ТВ Сериал,18+,ТВ Сериал,12
314,Нэгима?!,Гарем;Комедия;Магия;Приключения;Романтика;Сверхъестественное;Фэнтези;Школа;Этти,6.1,194.0,Осень 2006,SHAFT,ТВ Сериал,16+,ТВ Сериал,26
315,Плод эволюции 2,Комедия;Приключения;Романтика;Фэнтези,5.2,4185.0,Зима 2023,Hotline,ТВ Сериал,16+,ТВ Сериал,12
316,Вайолет Эвергарден: Вечность и призрак пера,Драма;Повседневность;Фэнтези,9.2,5529.0,,Kyoto Animation,Фильм,12+,Фильм,1
317,Лиричная волшебница Наноха: Искатели,Драма;Комедия;Магия;Супер сила;Экшен,,,Весна 2007,,ТВ Сериал,16+,ТВ Сериал,26
318,Семь смертных грехов 2: Пролог,Комедия;Магия;Сёнэн;Супер сила;Экшен,8.3,1924.0,,A-1 Pictures Inc.,Спешл,16+,Спешл,1
319,Полулюди 2,Детектив;Сверхъестественное;Сэйнэн;Ужасы;Экшен,8.3,983.0,Осень 2016,Polygon Pictures,ТВ Сериал,18+,ТВ Сериал,13
320,Бакуман,Комедия;Романтика;Сёнэн,9.1,3083.0,Осень 2010,J.C. Staff,ТВ Сериал,16+,ТВ Сериал,25
321,"Кланнад: Другой мир, глава Томоё",Драма;Повседневность;Романтика;Школа,8.6,478.0,,Kyoto Animation,Спешл,16+,Спешл,1
322,Работа!! 3,Комедия;Повседневность;Романтика,8.1,380.0,Лето 2015,A-1 Pictures Inc.,ТВ Сериал,16+,ТВ Сериал,13
323,Кайна в великом снежном море,Фэнтези,7.6,1065.0,Зима 2023,Polygon Pictures,ТВ Сериал,16+,ТВ Сериал,11
324,Принц тенниса: Другая история — Сообщения из прошлого и будущего,Комедия;Сёнэн;Спорт;Школа,5.2,103.0,,M.S.C,OVA,16+,OVA,4
325,Нана,Драма;Комедия;Музыка;Повседневность;Романтика;Сёдзё,9.3,3207.0,Весна 2006,Madhouse Studios,ТВ Сериал,18+,ТВ Сериал,47
326,Непутёвый ученик в школе магии: Изучаем магические предметы!,Комедия;Магия,6.5,296.0,,,Спешл,16+,Спешл,1
327,Доктор Стоун: Рюсуй,Комедия;Приключения;Сёнэн;Фантастика,9.3,11616.0,,TMS Entertainment,Спешл,16+,Спешл,1
328,Дракон-горничная госпожи Кобаяси: Валентинки и горячие источники! — Только не ожидайте слишком многого,Комедия;Повседневность;Фэнтези,8.6,2957.0,,Kyoto Animation,Спешл,16+,Спешл,1
329,Новый принц тенниса: Спешлы,Комедия;Сёнэн;Спорт;Экшен,6.0,106.0,,M.S.C,Спешл,16+,Спешл,7
330,11 глаз: Спешл,Комедия;Сверхъестественное;Супер сила;Этти,5.5,178.0,,Dogakobo,Спешл,18+,Спешл,1
331,Брошенный кролик: Спешлы,Дзёсэй;Повседневность,9.0,772.0,,Production I.G,Спешл,16+,Спешл,4
332,Провожающая в последний путь Фрирен,Драма;Приключения;Сёнэн;Фэнтези,9.5,36696.0,Осень 2023,Madhouse Studios,ТВ Сериал,16+,ТВ Сериал,28
333,Лазурный путь: Малый вперёд!,Военное;Комедия;Повседневность;Фантастика,7.7,502.0,Зима 2021,,ТВ Сериал,16+,ТВ Сериал,12
334,Мой счастливый брак: Форма моего счастья,Исторический;Романтика;Фэнтези,8.5,1632.0,,,OVA,16+,OVA,1
335,Далёкий паладин 2,Приключения;Фэнтези;Экшен,8.5,3955.0,Осень 2023,Oriental Light and Magic,ТВ Сериал,16+,ТВ Сериал,12
336,Чудачества любви не помеха! История Рикки,Драма;Комедия;Повседневность;Романтика;Школа,8.3,1519.0,,Kyoto Animation,Фильм,16+,Фильм,1
337,Мартовский лев 2,Драма;Игры;Повседневность;Сэйнэн,8.9,325.0,Осень 2017,SHAFT,ТВ Сериал,16+,ТВ Сериал,22
338,История о мононокэ 2,Сверхъестественное;Сэйнэн;Фэнтези;Экшен,8.1,1419.0,Лето 2023,Bandai Namco Pictures,ТВ Сериал,16+,ТВ Сериал,12
339,Моя девушка и подруга детства часто ссорятся,Гарем;Комедия;Романтика;Школа,7.4,1494.0,Зима 2013,A-1 Pictures Inc.,ТВ Сериал,16+,ТВ Сериал,13
340,Остров гигантских насекомых. Фильм,Ужасы,5.8,682.0,,Passione,Фильм,18+,Фильм,1
341,Радиан 2,Магия;Приключения;Фэнтези;Экшен,8.9,1366.0,Осень 2019,Lerche,ТВ Сериал,16+,ТВ Сериал,21
342,В песках поющие китята,Детектив;Драма;Сёдзё;Фантастика;Фэнтези,8.1,594.0,Осень 2017,J.C. Staff,ТВ Сериал,16+,ТВ Сериал,12
343,Слушайтесь папу! Поккапока,Комедия;Повседневность;Романтика,7.4,277.0,,feel.,Спешл,16+,Спешл,1
344,Психопаспорт: Грешники системы — По ту сторону царства,Полиция;Психологическое;Фантастика;Экшен,8.7,1229.0,,Production I.G,Фильм,18+,Фильм,1
345,Далёкий паладин,Приключения;Фэнтези;Экшен,8.1,10105.0,Осень 2021,,ТВ Сериал,16+,ТВ Сериал,12
346,Нулевой Эдем 2,Комедия;Космос;Приключения;Сёнэн;Фантастика;Фэнтези;Экшен,7.9,1016.0,Весна 2023,J.C. Staff,ТВ Сериал,16+,ТВ Сериал,25
347,Беззаботная старшеклассница,Комедия;Повседневность;Школа,6.1,338.0,Весна 2019,Seven,ТВ Сериал,16+,ТВ Сериал,12
348,"Вперёд, ко вселенной!!",Сёнэн;Спорт,7.5,148.0,Весна 2012,TYO Animations,ТВ Сериал,16+,ТВ Сериал,39
349,Кровь Триединства,Вампиры;Сверхъестественное;Экшен,8.5,716.0,Весна 2005,Gonzo,ТВ Сериал,18+,ТВ Сериал,24
350,Психопаспорт 2,Полиция;Психологическое;Фантастика;Экшен,8.5,3552.0,Осень 2014,Tatsunoko Productions,ТВ Сериал,18+,ТВ Сериал,11
351,Папаши-дружбаны,Комедия;Экшен,9.2,9493.0,Зима 2023,P.A. Works,ТВ Сериал,16+,ТВ Сериал,12
352,Попсовый эпос,Безумие;Комедия;Пародия,8.2,594.0,Зима 2018,Kamikaze Douga,ТВ Сериал,16+,ТВ Сериал,12
353,Потерянная песня,Драма;Фэнтези,7.2,114.0,Весна 2018,Dwango,ТВ Сериал,16+,ТВ Сериал,12
354,Глейпнир,Детектив;Сверхъестественное;Сэйнэн;Экшен;Этти,8.2,9113.0,Весна 2020,Pine Jam,ТВ Сериал,18+,ТВ Сериал,13
355,Дракон-горничная госпожи Кобаяси 2,Комедия;Повседневность;Фэнтези,8.9,7327.0,Лето 2021,Kyoto Animation,ТВ Сериал,16+,ТВ Сериал,12
356,Синие Мибуро,Исторический;Самураи;Сёнэн;Экшен,7.5,157.0,Осень 2024,,ТВ Сериал,16+,ТВ Сериал,1
357,Атака титанов,Военное;Детектив;Драма;Сёнэн;Супер сила;Фэнтези;Экшен,9.4,38789.0,Весна 2013,Wit Studio,ТВ Сериал,18+,ТВ Сериал,25
358,Почувствуй ветер,Драма;Комедия;Спорт,9.3,3456.0,Осень 2018,Production I.G,ТВ Сериал,16+,ТВ Сериал,23
359,Эксперименты Лэйн,Безумие;Детектив;Драма;Психологическое;Сверхъестественное;Фантастика,8.5,3622.0,Лето 1998,Triangle Staff,ТВ Сериал,18+,ТВ Сериал,13
360,Плод Грисайи: Спешлы,Этти,7.6,887.0,,8bit,Спешл,18+,Спешл,6
361,Ван-Пис: Танцевальный марафон Джанго,Комедия;Сёнэн;Фэнтези,7.6,485.0,,Toei Animation,Спешл,16+,Спешл,1
362,Микс: История Мэйсэй 2,Драма;Романтика;Сёнэн;Спорт;Школа,5.4,105.0,Весна 2023,Oriental Light and Magic,ТВ Сериал,16+,ТВ Сериал,24
363,Эндо и Кобаяси в прямом эфире комментируют злодейку,Комедия;Романтика;Фэнтези,7.9,1645.0,Зима 2023,Tezuka Production,ТВ Сериал,16+,ТВ Сериал,12
364,Городская дьяволица 2,Комедия;Повседневность,8.0,391.0,Весна 2022,J.C. Staff,ТВ Сериал,16+,ТВ Сериал,12
365,Код Гиас: Восставший Лелуш — Спешлы,Комедия;Повседневность;Школа,7.9,576.0,,Sunrise,Спешл,16+,Спешл,9
366,Повелитель тьмы: Другая история мира,Гарем;Комедия;Магия;Фэнтези;Этти,8.3,9902.0,Лето 2018,Ajia-Do,ТВ Сериал,18+,ТВ Сериал,12
367,Мастерство копа,Магия;Полиция;Фантастика;Фэнтези;Экшен,8.4,1296.0,Лето 2019,Millepensee,ТВ Сериал,18+,ТВ Сериал,12
368,Фури-кури 2,Безумие;Комедия;Меха;Пародия;Фантастика;Экшен,6.8,562.0,,Production I.G,Фильм,16+,Фильм,1
369,D4DJ: Первый микс 2,Музыка,7.1,177.0,Зима 2023,SANZIGEN,ТВ Сериал,16+,ТВ Сериал,12
370,Адская девочка: Разговоры в сумерках,Детектив;Психологическое;Сверхъестественное;Ужасы,7.4,283.0,Лето 2017,Studio DEEN,ТВ Сериал,18+,ТВ Сериал,12
371,Этот замечательный мир! 3,Комедия;Пародия;Приключения;Фэнтези,9.1,10902.0,Весна 2024,Студийная Банда,ТВ Сериал,18+,ТВ Сериал,11
372,Фармацевт из параллельного мира,Фэнтези,8.5,9987.0,Лето 2022,Diomedea,ТВ Сериал,16+,ТВ Сериал,12
373,"Пощади меня, великий господин!",Комедия;Приключения;Фэнтези;Экшен,9.0,7885.0,,,ONA,16+,ONA,12
374,Фронт кровавой блокады: Лучшие и худшие дни в жизни,Вампиры;Сверхъестественное;Сёнэн;Супер сила;Фэнтези;Экшен,7.9,528.0,,Bones,Спешл,18+,Спешл,1
375,Кулинарные поединки Сомы: Четвёртое блюдо,Сёнэн;Школа;Этти,8.9,4044.0,Осень 2019,J.C. Staff,ТВ Сериал,16+,ТВ Сериал,12
376,Апельсин,Драма;Романтика;Сёдзё;Фантастика;Школа,8.3,3330.0,Лето 2016,Telecom Animation Film,ТВ Сериал,16+,ТВ Сериал,13
377,Сегодняшнее меню для Эмии,Комедия;Повседневность,8.1,384.0,,ufotable,ONA,16+,ONA,13
378,Атака титанов 2,Драма;Сёнэн;Супер сила;Фэнтези;Экшен,9.3,29062.0,Весна 2017,Wit Studio,ТВ Сериал,18+,ТВ Сериал,12
379,Этот глупый свин не понимает мечту девочки-зайки,Комедия;Романтика;Сверхъестественное;Школа,9.2,33911.0,Осень 2018,CloverWorks,ТВ Сериал,16+,ТВ Сериал,13
380,"Может, я встречу тебя в подземелье? 3",Комедия;Приключения;Романтика;Фэнтези;Экшен,8.7,12208.0,Осень 2020,J.C. Staff,ТВ Сериал,18+,ТВ Сериал,12
381,Принц тенниса: Национальный турнир. Полуфинал,Комедия;Спорт;Экшен,6.4,120.0,,M.S.C,OVA,16+,OVA,6
382,Записи о магии: Девочка-волшебница Мадока★Волшебство — Гайдэн 2,Драма;Магия;Психологическое;Триллер,7.2,349.0,Лето 2021,SHAFT,ТВ Сериал,18+,ТВ Сериал,8
383,Код Гиас: Отступник Акито 1 — Падение Виверны,Военное;Меха;Фантастика;Экшен,7.2,590.0,,Sunrise,Фильм,18+,Фильм,1
384,Волчий дождь,Детектив;Драма;Приключения;Фантастика;Фэнтези;Экшен,8.9,1130.0,Зима 2003,Bones,ТВ Сериал,16+,ТВ Сериал,26
385,Сказка о Хвосте феи 3: Финал,Комедия;Магия;Приключения;Сёнэн;Фэнтези;Экшен,8.9,4160.0,Осень 2018,A-1 Pictures Inc.,ТВ Сериал,16+,ТВ Сериал,51
386,У меня мало друзей,Гарем;Комедия;Повседневность;Романтика;Школа;Этти,7.8,2793.0,Осень 2011,AIC Build,ТВ Сериал,18+,ТВ Сериал,12
387,Мы не можем учиться!,Гарем;Комедия;Романтика;Сёнэн;Школа,8.3,3635.0,Весна 2019,Студийная Банда,ТВ Сериал,16+,ТВ Сериал,13
388,Оккультная девятка,Детектив;Фантастика,7.8,682.0,Осень 2016,A-1 Pictures Inc.,ТВ Сериал,16+,ТВ Сериал,12
389,Судьба/Великий приказ: Финальная сингулярность — Соломон,Сверхъестественное;Фэнтези;Экшен,8.4,869.0,,CloverWorks,Фильм,18+,Фильм,1
390,Хеллсинг: Война с нечистью,Вампиры;Сверхъестественное;Сэйнэн;Ужасы;Экшен,8.7,5662.0,Осень 2001,Gonzo,ТВ Сериал,18+,ТВ Сериал,13
391,Волейбол против «Неудачников»!!,Сёнэн;Спорт,8.7,862.0,,Production I.G,OVA,16+,OVA,1
392,.хак//ЗНАК,Детектив;Игры;Магия;Приключения;Фантастика;Фэнтези,6.5,230.0,Весна 2002,Bee Train,ТВ Сериал,16+,ТВ Сериал,26
393,Судьба/Девочка-волшебница Иллия 2: Продолжение,Комедия;Магия;Повседневность;Фэнтези;Экшен,7.4,353.0,Лето 2015,Silver Link,ТВ Сериал,16+,ТВ Сериал,10
394,Кланнад фильм,Драма;Романтика;Фэнтези;Школа,8.1,371.0,,Toei Animation,Фильм,16+,Фильм,1
395,Менеджер среднего звена Тонэгава,Драма;Комедия;Пародия;Психологическое;Сэйнэн,7.1,245.0,Лето 2018,Madhouse Studios,ТВ Сериал,16+,ТВ Сериал,24
396,Трусливый велосипедист 4,Драма;Комедия;Сёнэн;Спорт,6.9,166.0,Зима 2018,TMS Entertainment,ТВ Сериал,16+,ТВ Сериал,25
397,Госпожа Умница. Фильм 1,Исторический;Комедия;Романтика;Сёдзё,8.3,316.0,,Nippon Animation,Фильм,16+,Фильм,1
398,Тёмный дворецкий 2,Исторический;Комедия;Сверхъестественное;Сёнэн;Фэнтези;Экшен,8.3,1727.0,Лето 2010,A-1 Pictures Inc.,ТВ Сериал,18+,ТВ Сериал,12
399,Путь домохозяина. Часть 2,Комедия;Повседневность;Романтика,9.0,4513.0,,J.C. Staff,ONA,16+,ONA,5
400,Между небом и морем,Космос;Приключения;Фантастика;Фэнтези,6.1,110.0,Осень 2018,TMS Entertainment,ТВ Сериал,16+,ТВ Сериал,12
401,Заметки Ятогамэ 3,Комедия;Повседневность;Сёнэн;Школа,5.7,136.0,Зима 2021,Creators in Pack,ТВ Сериал,16+,ТВ Сериал,12
402,"Я не понимаю, что говорит мой муж",Комедия;Повседневность;Романтика;Сэйнэн,7.9,1737.0,Осень 2014,Seven,ТВ Сериал,16+,ТВ Сериал,13
403,Иная: Другая — Судьба,Детектив;Триллер;Ужасы,8.4,1707.0,,P.A. Works,OVA,18+,OVA,1
404,Оккультные служащие полуночи OVA,Демоны;Детектив;Сверхъестественное;Сёдзё;Фэнтези,,,,,OVA,16+,OVA,1
405,Вторжение Кальмарки OVA,Комедия;Повседневность,6.9,112.0,,Diomedea,OVA,16+,OVA,3
406,"Бывший герой, которого прозвали неудачником и выгнали из дома, решил жить самостоятельно",Приключения;Фэнтези;Экшен,4.8,4135.0,Весна 2024,Marvy Jack,ТВ Сериал,16+,ТВ Сериал,12
407,Золотая пора,Драма;Комедия;Романтика,8.7,6398.0,Осень 2013,J.C. Staff,ТВ Сериал,16+,ТВ Сериал,24
408,Мегалобокс 2,Драма;Повседневность;Спорт;Фантастика;Экшен,9.0,2389.0,Весна 2021,TMS Entertainment,ТВ Сериал,18+,ТВ Сериал,13
409,Небесный метод: Дополнительный эпизод,Комедия;Повседневность;Фэнтези;Школа,,,,Studio 3Hz,ONA,16+,ONA,1
410,Нодамэ Кантабиле: Парижская глава,Дзёсэй;Комедия;Музыка;Повседневность;Романтика,8.1,193.0,Осень 2008,J.C. Staff,ТВ Сериал,16+,ТВ Сериал,11
411,"Прощай, жизнь дракона. Здравствуй, жизнь человека",Приключения;Фэнтези;Экшен,6.9,869.0,Осень 2024,SynergySP,ТВ Сериал,16+,ТВ Сериал,1
412,Деревенская глубинка,Комедия;Повседневность;Сэйнэн;Школа,8.4,1459.0,Осень 2013,Silver Link,ТВ Сериал,16+,ТВ Сериал,12
413,Вечеринка мёртвых: Пропавшая запись,Ужасы;Школа,6.5,1010.0,,asread,OVA,18+,OVA,1
414,Истории ран. Часть 2: Горячая кровь,Вампиры;Детектив;Сверхъестественное;Экшен,8.9,1831.0,,SHAFT,Фильм,18+,Фильм,1
415,Ржавые доспехи,Исторический;Самураи;Экшен,2.8,936.0,Зима 2022,,ТВ Сериал,16+,ТВ Сериал,12
416,Уж не зомби ли это? Среди мертвецов OVA,Гарем;Комедия;Магия;Сверхъестественное;Экшен;Этти,7.6,415.0,,Studio DEEN,OVA,18+,OVA,1
417,"Пока-пока, Земля",Приключения;Фэнтези;Экшен,7.0,1479.0,Лето 2024,LIDEN FILMS,ТВ Сериал,16+,ТВ Сериал,10
418,Исполнительный комитет признаний в любви: Пятничное «Доброе утро»,Романтика;Школа,7.5,421.0,,,Спешл,12+,Спешл,1
419,Трусливый велосипедист 3: Новое поколение,Драма;Комедия;Сёнэн;Спорт,7.6,174.0,Зима 2017,TMS Entertainment,ТВ Сериал,16+,ТВ Сериал,25
420,Бездомный бог: Арагото OAD,Приключения;Сёнэн;Экшен,9.1,4529.0,,Bones,OVA,16+,OVA,2
421,Бессонница после школы,Повседневность;Сэйнэн;Школа,8.9,4096.0,Весна 2023,LIDEN FILMS,ТВ Сериал,16+,ТВ Сериал,13
422,Дворянство,Вампиры;Сверхъестественное;Школа;Экшен,8.7,5136.0,Осень 2020,Production I.G,ТВ Сериал,18+,ТВ Сериал,13
423,Двенадцать королевств,Магия;Приключения;Сверхъестественное;Фэнтези;Экшен,8.5,644.0,Весна 2002,Studio Pierrot,ТВ Сериал,16+,ТВ Сериал,45
424,Пожиратель душ: Класс «НОТ»,Комедия;Сверхъестественное;Сёнэн;Экшен;Этти,4.5,645.0,Весна 2014,Bones,ТВ Сериал,16+,ТВ Сериал,12
425,Дека-данс,Приключения;Фантастика;Экшен,8.5,3116.0,Лето 2020,NUT,ТВ Сериал,16+,ТВ Сериал,12
426,По велению адской сестры: Отбытие,Гарем;Демоны;Романтика;Фэнтези;Экшен;Этти,7.9,1562.0,,Production IMS,OVA,18+,OVA,1
427,Победа боевых атлетов ReSTART!,Комедия;Приключения;Спорт;Фантастика;Школа;Экшен,4.7,147.0,Весна 2021,Seven,ТВ Сериал,16+,ТВ Сериал,12
428,Обгон!,,8.5,1029.0,Осень 2023,TROYCA,ТВ Сериал,16+,ТВ Сериал,12
429,Арте,Драма;Исторический;Повседневность;Романтика;Сэйнэн,8.6,2028.0,Весна 2020,Seven Arcs,ТВ Сериал,16+,ТВ Сериал,12
430,Удар крови: Потерянное Святое Копьё,Вампиры;Сверхъестественное;Фэнтези;Экшен;Этти,7.4,308.0,,Connect,OVA,18+,OVA,1
431,Этот вампир постоянно умирает,Вампиры;Комедия;Сверхъестественное;Сёнэн,8.2,2817.0,Осень 2021,Madhouse Studios,ТВ Сериал,18+,ТВ Сериал,12
432,Ребята-чирлидеры!!,Драма;Спорт;Школа,7.1,214.0,Лето 2016,Brains Base,ТВ Сериал,16+,ТВ Сериал,12
433,Внук Нурарихёна,Демоны;Сверхъестественное;Сёнэн;Экшен,8.5,1037.0,Лето 2010,Studio DEEN,ТВ Сериал,16+,ТВ Сериал,24
434,Голубой период,Драма;Повседневность,8.9,3767.0,Осень 2021,Seven Arcs,ТВ Сериал,16+,ТВ Сериал,12
435,Двуличная сестренка Умару!,Комедия;Повседневность;Сэйнэн;Школа,7.5,4373.0,Лето 2015,Dogakobo,ТВ Сериал,16+,ТВ Сериал,12
436,Пастельные воспоминания,Приключения;Фантастика;Экшен,6.2,126.0,Зима 2019,Project No.9,ТВ Сериал,16+,ТВ Сериал,12
437,Домовой дух Татами,Комедия;Сверхъестественное;Ужасы,5.8,130.0,,Zero-G,ONA,16+,ONA,12
438,Баки OVA,Боевые искусства;Сёнэн;Экшен,6.5,503.0,,Telecom Animation Film,OVA,18+,OVA,1
439,Принц тенниса: Подарок Атобэ,Комедия;Сёнэн;Спорт,,,,Trans Arts,Фильм,16+,Фильм,1
440,Влюблённые учёные и научное доказательство любви,Комедия;Романтика,8.4,4502.0,Зима 2020,Zero-G,ТВ Сериал,16+,ТВ Сериал,12
441,Сказание о демонах сакуры OVA,Драма;Исторический;Самураи;Сверхъестественное;Экшен,7.1,121.0,,Studio DEEN,OVA,16+,OVA,2
442,Индекс волшебства,Супер сила;Фантастика;Фэнтези;Экшен,7.8,2116.0,Осень 2008,J.C. Staff,ТВ Сериал,18+,ТВ Сериал,24
443,Музыкальная школа звёзд 2: Дополнительные эпизод,Музыка,,,,,Спешл,16+,Спешл,1
444,Добро пожаловать в класс превосходства,Драма;Повседневность;Психологическое;Школа,8.8,26505.0,Лето 2017,Lerche,ТВ Сериал,16+,ТВ Сериал,12
445,Лабиринт Грисайи,Драма,8.9,2524.0,,8bit,Спешл,18+,Спешл,1
446,Так сложно любить отаку,Комедия;Повседневность;Романтика,8.9,11546.0,Весна 2018,A-1 Pictures Inc.,ТВ Сериал,16+,ТВ Сериал,11
447,Атака титанов: Выбор без сожалений,Сёдзё;Фэнтези;Экшен,9.3,7030.0,,Wit Studio,OVA,18+,OVA,2
448,Маска героя,Детектив;Полиция;Фантастика;Экшен,7.2,260.0,,Studio Pierrot,ONA,18+,ONA,15
449,Золотое божество OVA,Исторический;Приключения;Сэйнэн;Экшен,8.3,439.0,,Geno Studio,OVA,18+,OVA,1
450,Моя геройская академия 2: Заметки героя,Комедия;Супер сила;Экшен,8.0,2087.0,,Bones,Спешл,16+,Спешл,1
451,Заметки Ятогамэ 2,Комедия;Повседневность;Сёнэн;Школа,6.4,140.0,Зима 2020,Creators in Pack,ТВ Сериал,16+,ТВ Сериал,12
452,Человек-мускул,Комедия;Сёнэн;Спорт,4.4,461.0,Лето 2024,Production I.G,ТВ Сериал,16+,ТВ Сериал,11
453,Ненасытный Берсерк,Фэнтези;Экшен,7.9,10139.0,Осень 2023,A.C.G.T.,ТВ Сериал,16+,ТВ Сериал,12
454,Мастера Меча Онлайн: Порядковый ранг,Игры;Приключения;Романтика;Фэнтези;Экшен,8.7,9892.0,,A-1 Pictures Inc.,Фильм,18+,Фильм,1
455,Невероятное приключение ДжоДжо: Несокрушимый алмаз,Драма;Комедия;Приключения;Сверхъестественное;Сёнэн;Экшен,9.1,11996.0,Весна 2016,David Production,ТВ Сериал,18+,ТВ Сериал,39
456,Мелочи жизни: Эпизод 0,Комедия;Повседневность;Сёнэн;Школа,7.5,210.0,,Kyoto Animation,OVA,16+,OVA,1
457,Стесняшка 2,Драма;Сёнэн;Супер сила;Экшен,4.8,443.0,Лето 2024,8bit,ТВ Сериал,16+,ТВ Сериал,12
458,Как госпожа Вельзевул пожелает,Демоны;Комедия;Романтика;Сёнэн;Фэнтези,7.8,559.0,Осень 2018,LIDEN FILMS,ТВ Сериал,16+,ТВ Сериал,12
459,Заметки Теслы,Экшен,3.0,636.0,Осень 2021,,ТВ Сериал,12+,ТВ Сериал,13
460,Фантом: Реквием по Призраку,Драма;Сэйнэн;Триллер;Экшен,8.6,780.0,Весна 2009,Bee Train,ТВ Сериал,18+,ТВ Сериал,26
461,Непутёвый ученик в школе магии 3,Романтика;Фантастика;Фэнтези;Экшен,7.8,2481.0,Весна 2024,8bit,ТВ Сериал,16+,ТВ Сериал,13
462,Танец мечей: Цветочный круг 2,Драма;Исторический;Комедия;Повседневность;Фэнтези;Экшен,7.0,135.0,Зима 2018,Dogakobo,ТВ Сериал,16+,ТВ Сериал,12
463,Василиск,Исторический;Приключения;Романтика;Самураи;Сверхъестественное;Фэнтези;Экшен,8.3,497.0,Весна 2005,Gonzo,ТВ Сериал,18+,ТВ Сериал,24
464,Горизонт посреди пустоты 2,Фантастика;Фэнтези;Экшен,7.2,206.0,Лето 2012,Sunrise,ТВ Сериал,18+,ТВ Сериал,13
465,Страсть на кончиках пальцев: Мой друг детства — пожарный,Комедия;Романтика;Этти,7.3,541.0,Лето 2019,Studio Mausu,ТВ Сериал,18+,ТВ Сериал,8
466,Повседневная жизнь в фотостудии времени,Комедия;Повседневность,8.4,1168.0,,Студийная Банда,ONA,16+,ONA,1
467,Девчонка не промах,Комедия;Романтика;Сэйнэн;Школа,8.2,654.0,Лето 2018,J.C. Staff,ТВ Сериал,16+,ТВ Сериал,12
468,Сказка о Хвосте феи,Комедия;Магия;Приключения;Сёнэн;Фэнтези;Экшен,8.7,7576.0,Осень 2009,A-1 Pictures Inc.,ТВ Сериал,16+,ТВ Сериал,175
469,Радость подъема: Следующая вершина,Комедия;Повседневность;Приключения,7.6,152.0,Осень 2022,8bit,ТВ Сериал,16+,ТВ Сериал,12
470,Сумо Хиномару,Боевые искусства;Сёнэн;Спорт,8.5,786.0,Осень 2018,Gonzo,ТВ Сериал,16+,ТВ Сериал,24
471,Музыкальные девчонки,Музыка;Повседневность,4.7,111.0,Лето 2018,Studio DEEN,ТВ Сериал,16+,ТВ Сериал,12
472,Удар крови II,Вампиры;Сверхъестественное;Фэнтези;Экшен;Этти,7.9,1252.0,,Connect,OVA,18+,OVA,8
473,Повелитель 3,Игры;Магия;Приключения;Сверхъестественное;Фэнтези;Экшен,9.0,16311.0,Лето 2018,Madhouse Studios,ТВ Сериал,18+,ТВ Сериал,13
474,Ниндзя Камуи,Фантастика;Фэнтези;Экшен,8.0,10026.0,Зима 2024,Студийная Банда,ТВ Сериал,18+,ТВ Сериал,13
475,Гинтама 5,Исторический;Комедия;Пародия;Самураи;Сёнэн;Фантастика;Экшен,9.2,753.0,Зима 2017,Bandai Namco Pictures,ТВ Сериал,16+,ТВ Сериал,12
476,Унеси меня на Луну: Униформа,Комедия;Романтика;Сёнэн,8.9,3160.0,,Seven Arcs,Спешл,16+,Спешл,1
477,Судьба/Ночь схватки: Прикосновение небес 3,Сверхъестественное;Фэнтези;Экшен,9.0,2005.0,,ufotable,Фильм,18+,Фильм,1
478,Рай Грисайи: Спешлы,Этти,8.1,506.0,,8bit,Спешл,18+,Спешл,5
479,Мир Лидейл,Приключения;Фэнтези,8.3,6033.0,Зима 2022,,ТВ Сериал,16+,ТВ Сериал,12
480,Я в тебе не сомневаюсь,Исторический;Комедия;Романтика,8.6,605.0,,,ONA,16+,ONA,24
481,Синий луч отражения,Магия;Школа,5.8,215.0,Весна 2021,J.C. Staff,ТВ Сериал,12+,ТВ Сериал,24
482,Гэнсикэн. Второе поколение,Комедия;Пародия;Повседневность,6.9,131.0,Лето 2013,Production I.G,ТВ Сериал,18+,ТВ Сериал,13
483,"Небо, где встретились звёзды",Драма;Повседневность;Спорт;Школа,9.1,2353.0,Осень 2019,8bit,ТВ Сериал,18+,ТВ Сериал,12
484,Башня Бога,Детектив;Драма;Приключения;Фэнтези;Экшен,8.8,21574.0,Весна 2020,Telecom Animation Film,ТВ Сериал,16+,ТВ Сериал,13
485,Ангельские ритмы! Другой эпилог,Драма;Сверхъестественное;Школа,8.4,1442.0,,P.A. Works,Спешл,16+,Спешл,1
486,Божественные куклы: Спешлы,Комедия,,,,Brains Base,Спешл,16+,Спешл,6
487,Динхайские хроники иного мира,Фэнтези;Экшен,6.6,187.0,,Shanghai Foch Film Culture Investment,ONA,16+,ONA,12
488,Ванпанчмен: Путь к становлению героем,Комедия;Пародия;Сверхъестественное;Супер сила;Сэйнэн;Фантастика;Экшен,9.0,5892.0,,Madhouse Studios,OVA,18+,OVA,1
489,Селектор: Заражение «WIXOSS»,Игры;Психологическое,7.5,268.0,Весна 2014,,ТВ Сериал,18+,ТВ Сериал,12
490,91 изумление,Исторический;Комедия,6.2,178.0,,Studio Shuka,Спешл,16+,Спешл,7
491,"И все же, грешник танцует с драконом",Драма;Фантастика;Фэнтези;Экшен,7.1,357.0,Весна 2018,Seven Arcs Pictures,ТВ Сериал,18+,ТВ Сериал,12
492,Скитальцы OVA,Исторический;Комедия;Приключения;Самураи;Сэйнэн;Фэнтези;Экшен,8.7,797.0,,Hoods Drifters Studio,OVA,18+,OVA,2
493,Персона 3 фильм 2: Мечта летнего рыцаря,Сверхъестественное;Фэнтези;Экшен,7.5,163.0,,A-1 Pictures Inc.,Фильм,18+,Фильм,1
494,Цугумомо OVA,Комедия;Сверхъестественное;Сэйнэн;Школа;Экшен;Этти,8.3,378.0,,,OVA,18+,OVA,1
495,Евангелион 3.0+1.01: Как-то раз,Драма;Меха;Психологическое;Фантастика;Экшен,8.8,4022.0,,Studio Khara,Фильм,16+,Фильм,1
496,Король огненной охоты,Фэнтези,7.9,839.0,Зима 2023,Signal. MD,ТВ Сериал,16+,ТВ Сериал,10
497,Бубуки Буранки: Звезда гигантов,Драма;Меха;Фантастика;Экшен,4.9,125.0,Осень 2016,SANZIGEN,ТВ Сериал,16+,ТВ Сериал,12
498,Биско-ржавоед,Приключения;Фантастика;Фэнтези;Экшен,8.5,10858.0,Зима 2022,Студийная Банда,ТВ Сериал,16+,ТВ Сериал,12
499,Восемьдесят шесть,Военное;Драма;Меха;Фантастика;Экшен,9.2,18763.0,Весна 2021,A-1 Pictures Inc.,ТВ Сериал,18+,ТВ Сериал,11
500,Другой мир не может противостоять силе мгновенной смерти,Приключения;Фэнтези;Экшен,7.4,8084.0,Зима 2024,,ТВ Сериал,16+,ТВ Сериал,12
501,Моб Психо 100 3,Комедия;Сверхъестественное;Супер сила;Экшен,9.3,11981.0,Осень 2022,Bones,ТВ Сериал,16+,ТВ Сериал,12
502,Созданный в Бездне: Начало путешествия,Детектив;Драма;Приключения;Фантастика;Фэнтези,9.2,2697.0,,Kinema Citrus,Фильм,18+,Фильм,1
503,Королевский репетитор: Фильм,Исторический;Комедия;Повседневность;Сэйнэн,8.6,1044.0,,,Фильм,16+,Фильм,1
504,История империи Тиамун,Комедия;Фэнтези,7.7,2279.0,Осень 2023,Silver Link,ТВ Сериал,16+,ТВ Сериал,12
505,Капитан Цубаса,Сёнэн;Спорт;Экшен,6.4,123.0,Весна 2018,David Production,ТВ Сериал,16+,ТВ Сериал,52
506,Вайолет Эвергарден. Фильм,Драма;Повседневность;Фэнтези,9.5,9795.0,,Kyoto Animation,Фильм,16+,Фильм,1
507,В другом мире со смартфоном,Гарем;Комедия;Магия;Приключения;Романтика;Фэнтези,7.4,11261.0,Лето 2017,Production Reed,ТВ Сериал,16+,ТВ Сериал,12
508,Граница пустоты 5: Спираль парадокса,Детектив;Драма;Романтика;Сверхъестественное;Триллер;Экшен,8.8,602.0,,ufotable,Фильм,18+,Фильм,1
509,Код Гиас: Вернувшийся Розе,Военное;Драма;Меха;Супер сила;Фантастика;Экшен,4.9,849.0,,Sunrise,ONA,18+,ONA,12
510,Врата Штейна: Зона загрузки дежавю,Триллер;Фантастика,9.2,3619.0,,White Fox,Фильм,16+,Фильм,1
511,Радость подъема: Воспоминания,Комедия;Повседневность;Приключения,5.5,106.0,,8bit,OVA,16+,OVA,1
512,Штурмовые ведьмы,Военное;Магия;Фантастика;Экшен;Этти,7.4,384.0,Лето 2008,Gonzo,ТВ Сериал,18+,ТВ Сериал,12
513,Цугумомо,Комедия;Сверхъестественное;Сэйнэн;Школа;Экшен;Этти,8.0,1526.0,Весна 2017,Zero-G,ТВ Сериал,18+,ТВ Сериал,12
514,Боевой континент 4,Боевые искусства;Исторический;Приключения;Романтика;Фэнтези;Экшен,8.4,630.0,,,ONA,16+,ONA,13
515,Доктор Стоун: Каменные войны,Комедия;Приключения;Сёнэн;Фантастика,9.2,20861.0,Зима 2021,TMS Entertainment,ТВ Сериал,16+,ТВ Сериал,11
516,Полноценная жизнь онлайн: Спешл,Игры;Комедия;Романтика,8.4,1097.0,,Signal. MD,Спешл,16+,Спешл,1
517,Ведущие звёзды,Драма;Комедия;Спорт;Школа,8.4,694.0,Зима 2021,J.C. Staff,ТВ Сериал,12+,ТВ Сериал,12
518,Эпоха смут 2,Боевые искусства;Исторический;Самураи;Супер сила;Экшен,6.9,133.0,Лето 2010,Production I.G,ТВ Сериал,16+,ТВ Сериал,12
519,Семья шпиона. Часть 2,Комедия;Сёнэн;Экшен,9.1,22044.0,Осень 2022,CloverWorks,ТВ Сериал,16+,ТВ Сериал,13
520,"По правде говоря, я...",Вампиры;Гарем;Комедия;Романтика;Сёнэн;Фэнтези;Школа,7.6,1369.0,Лето 2015,TMS Entertainment,ТВ Сериал,16+,ТВ Сериал,13
521,Космический линкор Тирамису 2,Комедия;Космос;Меха;Повседневность;Фантастика,5.5,106.0,Осень 2018,Gonzo,ТВ Сериал,16+,ТВ Сериал,13
522,Судьба/Дополнение: Последний вызов на бис,Магия;Фэнтези;Экшен,7.0,499.0,Зима 2018,SHAFT,ТВ Сериал,18+,ТВ Сериал,10
523,Фантом,Драма;Сёнэн;Экшен,7.2,165.0,,Arcs Create,OVA,18+,OVA,3
524,Атом: Начало,Меха;Сэйнэн;Фантастика;Экшен,7.1,135.0,Весна 2017,Oriental Light and Magic,ТВ Сериал,16+,ТВ Сериал,12
525,Как воспитать героиню из обычной девушки: Пилотный эпизод,Гарем;Комедия;Романтика;Этти,7.7,628.0,,A-1 Pictures Inc.,Спешл,16+,Спешл,1
526,Мой «комплекс братика» морали не остановить! — Спешлы,Комедия;Этти,6.8,565.0,,Silver Link,Спешл,18+,Спешл,6
527,Фабрика иллюзий Алисы и Терезы,Драма,8.5,1607.0,,MAPPA,Фильм,16+,Фильм,1
528,Твоя апрельская ложь,Драма;Музыка;Романтика;Сёнэн;Школа,9.1,11676.0,Осень 2014,A-1 Pictures Inc.,ТВ Сериал,16+,ТВ Сериал,22
529,Валькирия и любовь,Гарем;Комедия;Романтика;Сверхъестественное;Сёнэн;Школа;Этти,6.8,1272.0,Осень 2019,Hoods Entertainment,ТВ Сериал,18+,ТВ Сериал,12
530,Синий экзорцист: Путешествие Куро,Демоны;Сверхъестественное;Сёнэн;Фэнтези;Экшен,8.6,1592.0,,A-1 Pictures Inc.,Спешл,16+,Спешл,1
531,Фи Брейн: Загадка Бога,Детектив;Игры;Сёнэн;Экшен,7.7,277.0,Осень 2011,Sunrise,ТВ Сериал,16+,ТВ Сериал,25
532,Паучонок,Комедия;Сверхъестественное,7.6,385.0,,Production I.G,Спешл,16+,Спешл,1
533,Волейбол!! 3,Драма;Комедия;Сёнэн;Спорт;Школа,9.3,11435.0,Осень 2016,Production I.G,ТВ Сериал,16+,ТВ Сериал,10
534,Доктор Стоун: Новый мир,Комедия;Приключения;Сёнэн;Фантастика,9.2,14493.0,Весна 2023,TMS Entertainment,ТВ Сериал,16+,ТВ Сериал,11
535,"История о дедушке и бабушке, которые снова стали молодыми",Комедия;Романтика;Сверхъестественное,8.6,4258.0,Весна 2024,,ТВ Сериал,16+,ТВ Сериал,11
536,Аватар короля 2,Игры;Экшен,8.9,6623.0,,G.CMay Animation & Film,ONA,12+,ONA,12
537,Атака титанов 3,Военное;Детектив;Драма;Сёнэн;Супер сила;Фэнтези;Экшен,9.3,27326.0,Лето 2018,Wit Studio,ТВ Сериал,18+,ТВ Сериал,12
538,Убийственная любовь,Дзёсэй;Романтика;Экшен,8.5,4583.0,Зима 2022,Platinum Vision,ТВ Сериал,18+,ТВ Сериал,12
539,"Принц тенниса: Два самурая, первая игра",Сёнэн;Спорт;Экшен,5.9,114.0,,Production I.G,Фильм,16+,Фильм,1
540,Тринити: Семеро магов — Вечная библиотека и девушка-алхимик,Гарем;Комедия;Магия;Романтика;Сёнэн;Фэнтези;Школа;Экшен;Этти,8.3,1798.0,,Seven Arcs Pictures,Фильм,16+,Фильм,1
541,"Кот, мастер на все лапки, сегодня снова грустит",Комедия;Сверхъестественное,9.0,6841.0,Лето 2023,GoHands,ТВ Сериал,16+,ТВ Сериал,13
542,Индекс волшебства II,Супер сила;Фантастика;Экшен,8.0,1141.0,Осень 2010,J.C. Staff,ТВ Сериал,18+,ТВ Сериал,24
543,Некий научный Рейлган T,Супер сила;Фантастика;Экшен,8.5,666.0,Зима 2020,J.C. Staff,ТВ Сериал,18+,ТВ Сериал,25
544,Эроманга-сэнсэй OVA,Драма;Комедия;Романтика;Этти,8.0,1259.0,,A-1 Pictures Inc.,OVA,18+,OVA,2
545,Очаровательная богиня еды,Драма;Исторический;Комедия;Приключения;Романтика,8.4,1438.0,,,ONA,16+,ONA,12
546,Аватар короля,Игры;Экшен,8.6,10430.0,,G.CMay Animation & Film,ONA,12+,ONA,12
547,Тысяча мушкетёров,Военное;Экшен,4.6,122.0,Лето 2018,TMS Entertainment,ТВ Сериал,16+,ТВ Сериал,12
548,Атри: Мои дорогие моменты,Драма;Романтика;Фантастика,8.5,1337.0,Лето 2024,TROYCA,ТВ Сериал,16+,ТВ Сериал,13
549,Штурмовые ведьмы,Военное;Магия;Фантастика;Экшен;Этти,7.5,202.0,,AIC,Фильм,18+,Фильм,1
550,Становясь волшебницей,Комедия;Фэнтези;Экшен;Этти,8.8,4155.0,Зима 2024,Asahi Production,ТВ Сериал,18+,ТВ Сериал,13
551,Миги и Дали,Детектив;Комедия;Сэйнэн;Триллер,8.6,3651.0,Осень 2023,GEEKTOYS,ТВ Сериал,16+,ТВ Сериал,13
552,Тень любви в тайной комнате,Детектив;Триллер,8.8,1931.0,,,ONA,16+,ONA,16
553,Вы правда женитесь?,Романтика;Сэйнэн,7.6,372.0,Осень 2024,Ashi Productions Co. Inc.,ТВ Сериал,16+,ТВ Сериал,1
554,Судьба/Девочка-волшебница Иллия: Клятва под снегом — Спешл,Пародия;Повседневность,6.3,227.0,,Silver Link,Спешл,16+,Спешл,1
555,Токийское восьмибалльное,Драма,8.9,1633.0,Лето 2009,Bones,ТВ Сериал,16+,ТВ Сериал,11
556,Вольный стиль! Заплыв в будущее,Драма;Комедия;Повседневность;Спорт;Школа,8.8,1233.0,Лето 2018,Animation Do,ТВ Сериал,16+,ТВ Сериал,12
557,Токийские мстители: Рождественская битва,Драма;Сверхъестественное;Сёнэн;Школа;Экшен,8.5,11403.0,Зима 2023,LIDEN FILMS,ТВ Сериал,18+,ТВ Сериал,13
558,Клетки за работой,Комедия;Сёнэн,8.6,3379.0,Лето 2018,David Production,ТВ Сериал,16+,ТВ Сериал,13
559,Эта фарфоровая кукла влюбилась,Повседневность;Романтика;Сэйнэн;Школа,9.0,45891.0,Зима 2022,CloverWorks,ТВ Сериал,18+,ТВ Сериал,12
560,Герой Юки Юна: История Вашио Суми — Клятва,Драма;Повседневность;Фэнтези,,,,Studio Gokumi,Фильм,16+,Фильм,1
561,Ателье Райзы: Королева тьмы и тайное пристанище,Приключения;Фэнтези,6.6,1249.0,Лето 2023,LIDEN FILMS,ТВ Сериал,16+,ТВ Сериал,12
562,Двуличная сестренка Умару! S,Комедия;Повседневность;Сэйнэн,7.3,891.0,,Dogakobo,Спешл,16+,Спешл,12
563,Дочка босса и её нянька,Комедия;Повседневность,8.9,5030.0,Лето 2022,feel.,ТВ Сериал,16+,ТВ Сериал,12
564,"Авантюристы, которые не верят в человечество, спасут мир",Приключения;Фэнтези;Экшен,7.2,8522.0,Зима 2023,GEEKTOYS,ТВ Сериал,16+,ТВ Сериал,12
565,Горизонт посреди пустоты,Фантастика;Фэнтези;Экшен,6.6,440.0,Осень 2011,Sunrise,ТВ Сериал,16+,ТВ Сериал,13
566,Хлопушка-раскладушка,Комедия;Приключения;Фантастика,7.6,221.0,Осень 2016,Studio 3Hz,ТВ Сериал,16+,ТВ Сериал,13
567,Охотник х Охотник,Приключения;Сёнэн;Супер сила;Фэнтези;Экшен,9.3,4155.0,Осень 1999,Nippon Animation,ТВ Сериал,16+,ТВ Сериал,62
568,Кафе из другого мира,Повседневность;Фэнтези,8.6,2614.0,Лето 2017,Silver Link,ТВ Сериал,16+,ТВ Сериал,12
569,Диадема принцессы,Спорт;Фантастика;Школа;Экшен,6.1,130.0,Зима 2019,Silver Link,ТВ Сериал,16+,ТВ Сериал,12
570,Пять невест 2,Гарем;Комедия;Романтика;Сёнэн;Школа,8.9,12045.0,Зима 2021,Bibury Animation Studios,ТВ Сериал,16+,ТВ Сериал,12
571,Великий правитель,Боевые искусства;Исторический;Приключения;Романтика;Фэнтези;Экшен,7.3,255.0,,,ONA,16+,ONA,12
572,Салатница чудаков,Комедия;Фэнтези,7.8,1703.0,Весна 2024,Studio Comet,ТВ Сериал,16+,ТВ Сериал,12
573,"Меня выгнали из гильдии героев, потому что я был плохим компаньоном, поэтому я решил неспешно жить в глуши",Повседневность;Приключения;Романтика;Фэнтези,8.1,12704.0,Осень 2021,Studio Flad,ТВ Сериал,16+,ТВ Сериал,13
574,Безумный азарт 2,Детектив;Драма;Игры;Психологическое;Сёнэн;Школа,8.1,10341.0,Зима 2019,MAPPA,ТВ Сериал,16+,ТВ Сериал,12
575,Сотворение жизни: Великий побег,Фантастика,5.4,151.0,Весна 2022,Polygon Pictures,ТВ Сериал,16+,ТВ Сериал,12
576,Девичья опера: Свет ревю,Музыка;Школа,6.8,111.0,Лето 2018,Kinema Citrus,ТВ Сериал,16+,ТВ Сериал,12
577,Волейбол!! Земля против воздуха,Драма;Комедия;Сёнэн;Спорт;Школа,9.0,4073.0,,Production I.G,OVA,16+,OVA,2
578,Баскетбольный клуб! SS,Комедия;Спорт;Школа;Этти,6.2,216.0,Лето 2013,Barnum Studio,ТВ Сериал,16+,ТВ Сериал,12
579,Голубая шкатулка,Романтика;Сёнэн;Спорт;Школа,9.1,1597.0,Осень 2024,Telecom Animation Film,ТВ Сериал,16+,ТВ Сериал,1
580,Зомбилэнд-Сага: Месть,Комедия;Музыка;Сверхъестественное,8.3,1001.0,Весна 2021,MAPPA,ТВ Сериал,18+,ТВ Сериал,12
581,Пираты «Чёрной лагуны»: Второй залп,Сэйнэн;Экшен,9.3,4136.0,Осень 2006,Madhouse Studios,ТВ Сериал,18+,ТВ Сериал,12
582,Ван-Пис: Жестокий мир,Драма;Комедия;Приключения;Сёнэн;Фэнтези;Экшен,8.1,558.0,,Toei Animation,Фильм,16+,Фильм,1
583,Озорная Такаги,Комедия;Повседневность;Романтика;Сёнэн;Школа,8.1,2143.0,Зима 2018,Shin-Ei Animation,ТВ Сериал,16+,ТВ Сериал,12
584,Откуда лучше всего видно фейерверк: снизу или сбоку?,Драма;Романтика;Сверхъестественное;Фантастика,7.4,776.0,,SHAFT,Фильм,16+,Фильм,1
585,Звучи! Эуфониум,Драма;Музыка;Школа,8.5,969.0,Весна 2015,Kyoto Animation,ТВ Сериал,16+,ТВ Сериал,13
586,Усопшие,Вампиры;Детектив;Психологическое;Сверхъестественное;Сёнэн;Триллер;Ужасы,8.5,2249.0,Лето 2010,Daume,ТВ Сериал,18+,ТВ Сериал,22
587,Волшебник-воин Орфен,Боевые искусства;Драма;Приключения;Фэнтези;Экшен,7.1,1245.0,Зима 2020,Studio DEEN,ТВ Сериал,16+,ТВ Сериал,13
588,Нежный укус,Комедия;Повседневность;Романтика;Школа,7.5,775.0,Лето 2010,AIC,ТВ Сериал,16+,ТВ Сериал,25
589,Бубуки Буранки,Драма;Меха;Фантастика;Экшен,5.8,144.0,Зима 2016,SANZIGEN,ТВ Сериал,16+,ТВ Сериал,12
590,Легенда о перевороте: Роман о заклятых богах,Исторический;Магия;Приключения;Сверхъестественное;Сёнэн;Фэнтези,5.6,104.0,Лето 1999,Studio DEEN,ТВ Сериал,16+,ТВ Сериал,26
591,Игра Дарвина,Детектив;Сёнэн;Экшен,8.7,9643.0,Зима 2020,Nexus,ТВ Сериал,18+,ТВ Сериал,11
592,Ван-Пис фильм 7: Гигантский механический солдат замка Каракури,Комедия;Приключения;Сёнэн;Фэнтези,7.5,424.0,,Toei Animation,Фильм,16+,Фильм,1
593,Наруто 1: Книга искусств ниндзя Снежной принцессы,Драма;Исторический;Комедия;Приключения;Сверхъестественное;Сёнэн,8.0,2361.0,,Studio Pierrot,Фильм,16+,Фильм,1
594,Изо всех сил!!,Спорт;Сэйнэн;Школа,8.2,283.0,Осень 2016,,ТВ Сериал,16+,ТВ Сериал,25
595,Созерцая колготки,Школа;Этти,7.3,1627.0,,Yokohama Animation Lab,ONA,16+,ONA,12
596,Нулл и Пета,Комедия;Фантастика,7.2,143.0,,Shin-Ei Animation,ONA,16+,ONA,12
597,Плутон,Детектив;Меха;Психологическое;Сэйнэн;Триллер;Фантастика;Экшен,9.0,1623.0,,M2,ONA,16+,ONA,8
598,Слишком милый кризис,Комедия;Сёнэн;Фантастика,7.9,1681.0,Весна 2023,SynergySP,ТВ Сериал,16+,ТВ Сериал,12
599,Девушки и танки: Финал. Часть 3,Военное;Школа,8.1,531.0,,Actas,Фильм,16+,Фильм,1
600,Небесные волки: Сириус-егерь,Вампиры;Исторический;Сверхъестественное;Ужасы;Экшен,8.4,1385.0,Лето 2018,P.A. Works,ТВ Сериал,18+,ТВ Сериал,12
601,Рандеву с жизнью,Гарем;Комедия;Меха;Романтика;Фантастика;Школа,8.3,7803.0,Весна 2013,AICPLUS+,ТВ Сериал,18+,ТВ Сериал,12
602,Судный день,Военное;Магия;Супер сила;Экшен,6.3,329.0,Осень 2017,A.C.G.T.,ТВ Сериал,18+,ТВ Сериал,11
603,Евангелион: Смерть и перерождение,Драма;Меха;Психологическое;Фантастика,8.2,2654.0,,Gainax,Фильм,18+,Фильм,1
604,Трусливый  велосипедист: Запасной велосипед,Драма;Комедия;Сёнэн;Спорт,6.0,102.0,,TMS Entertainment,Фильм,16+,Фильм,1
605,Лог Горизонт 2,Игры;Магия;Приключения;Фэнтези;Экшен,8.5,3156.0,Осень 2014,Studio DEEN,ТВ Сериал,16+,ТВ Сериал,25
606,Низкоуровневый персонаж Томодзаки,Драма;Романтика;Школа,8.0,8239.0,Зима 2021,Project No.9,ТВ Сериал,18+,ТВ Сериал,12
607,Нарэнарэ: Болеем за вас!,Спорт,6.3,171.0,Лето 2024,P.A. Works,ТВ Сериал,16+,ТВ Сериал,12
608,Арата: Легенда,Приключения;Сёнэн;Фэнтези,7.1,248.0,Весна 2013,Satelight,ТВ Сериал,16+,ТВ Сериал,12
609,Перестану быть героем: Спецвыпуски,Комедия;Приключения;Фэнтези;Экшен,7.7,2180.0,,EMT²,Спешл,16+,Спешл,2
610,Новый мастер кулинарии,Комедия;Сёнэн,6.2,129.0,Осень 2019,NAS,ТВ Сериал,16+,ТВ Сериал,12
611,MF Призрак,Сэйнэн,8.8,2497.0,Осень 2023,Felix Film,ТВ Сериал,16+,ТВ Сериал,12
612,Комиксистки,Комедия;Повседневность,7.4,206.0,Весна 2018,Nexus,ТВ Сериал,16+,ТВ Сериал,12
613,Терраса кафе богинь,Гарем;Комедия;Романтика;Сёнэн;Этти,8.3,5318.0,Весна 2023,Tezuka Production,ТВ Сериал,16+,ТВ Сериал,12
614,"Я стала злодейкой, поэтому мне нужно заарканить последнего босса",Комедия;Романтика;Сёдзё;Фэнтези,8.3,6046.0,Осень 2022,,ТВ Сериал,16+,ТВ Сериал,12
615,Бадминтон Аяно Ханэсаки,Спорт;Сэйнэн,7.2,217.0,Лето 2018,LIDEN FILMS,ТВ Сериал,16+,ТВ Сериал,13
616,Рейтинг короля,Комедия;Приключения;Фэнтези,9.0,10084.0,Осень 2021,Wit Studio,ТВ Сериал,16+,ТВ Сериал,23
617,"Целитель, которого исключили из группы, оказался сильнейшим!",Приключения;Фэнтези;Экшен,6.3,1152.0,Осень 2024,,ТВ Сериал,16+,ТВ Сериал,1
618,Re: Жизнь в альтернативном мире с нуля 3,Драма;Психологическое;Триллер;Фэнтези,9.1,2939.0,Осень 2024,White Fox,ТВ Сериал,18+,ТВ Сериал,1
619,Нежный укус+,Комедия;Повседневность;Романтика;Школа,7.6,469.0,Зима 2012,AIC,ТВ Сериал,16+,ТВ Сериал,13
620,Чара-хранители!! Сердцебиение,Комедия;Магия;Сёдзё;Школа,8.0,292.0,Осень 2008,Satelight,ТВ Сериал,16+,ТВ Сериал,51
621,Эльсворд: Воспоминания Айн,Фэнтези;Экшен,,,,DR Movie,ONA,6+,ONA,1
622,Власть книжного червя OVA,Повседневность;Фэнтези,8.6,1266.0,,Ajia-Do,OVA,16+,OVA,1
623,Загадочные дела ювелира Ричарда,Детектив;Драма;Повседневность,8.5,690.0,Зима 2020,Studio Shuka,ТВ Сериал,16+,ТВ Сериал,12
624,"Ханако, призрак с внеклассными историями. Часть 2",Комедия;Пародия;Сверхъестественное;Школа,8.2,262.0,Осень 2024,Lerche,ТВ Сериал,16+,ТВ Сериал,4
625,Билд Дивайд: Чёрный код,Игры;Фэнтези,7.7,2740.0,Осень 2021,LIDEN FILMS,ТВ Сериал,12+,ТВ Сериал,12
626,Деревенская глубинка 2,Комедия;Повседневность;Сэйнэн;Школа,8.4,755.0,Лето 2015,Silver Link,ТВ Сериал,16+,ТВ Сериал,12
627,Персона: Душа троицы,Супер сила;Фантастика;Экшен,6.7,223.0,Зима 2008,A-1 Pictures Inc.,ТВ Сериал,16+,ТВ Сериал,26
628,Рандеву с жизнью 2,Гарем;Комедия;Меха;Романтика;Фантастика;Школа,8.6,5107.0,Весна 2014,Production IMS,ТВ Сериал,18+,ТВ Сериал,10
629,Проект-Б: Амбициозное биение,Музыка;Сёдзё,6.8,137.0,Лето 2016,A-1 Pictures Inc.,ТВ Сериал,16+,ТВ Сериал,12
630,Баракамон,Комедия;Повседневность,9.0,2765.0,Лето 2014,Kinema Citrus,ТВ Сериал,16+,ТВ Сериал,12
631,Кровь+,Вампиры;Военное;Детектив;Драма;Сверхъестественное;Ужасы;Экшен,8.3,778.0,Осень 2005,Production I.G,ТВ Сериал,18+,ТВ Сериал,50
632,Школа убийц: Театр марионеток,Военное;Драма;Фантастика;Экшен,6.7,147.0,Зима 2008,Artland,ТВ Сериал,18+,ТВ Сериал,13
633,Любовные неприятности: Тьма 2,Гарем;Комедия;Романтика;Сёнэн;Фантастика;Школа;Этти,8.2,1084.0,Лето 2015,XEBEC,ТВ Сериал,18+,ТВ Сериал,12
634,Сказание об Арслане,Драма;Исторический;Приключения;Сёнэн;Фэнтези;Экшен,8.6,998.0,Весна 2015,LIDEN FILMS,ТВ Сериал,18+,ТВ Сериал,25
635,Золотое божество,Исторический;Приключения;Сэйнэн;Экшен,9.0,3452.0,Весна 2018,Geno Studio,ТВ Сериал,18+,ТВ Сериал,12
636,Незнакомцы в другой жизни,Романтика;Сэйнэн,9.0,1088.0,Осень 2024,Studio DEEN,ТВ Сериал,16+,ТВ Сериал,1
637,Мастера Меча Онлайн: Дополнительное издание,Игры;Приключения;Романтика;Фэнтези;Экшен,8.0,4707.0,,A-1 Pictures Inc.,Спешл,18+,Спешл,1
638,Нет игры — нет жизни: Начало,Драма;Романтика;Фэнтези,9.0,8644.0,,Madhouse Studios,Фильм,18+,Фильм,1
639,Судьба/Девочка-волшебница Иллия: Спешлы,Комедия;Магия;Фэнтези;Этти,6.8,239.0,,Silver Link,Спешл,16+,Спешл,5
640,Полководцы Сигрдрифа,Военное;Экшен,6.3,228.0,Осень 2020,A-1 Pictures Inc.,ТВ Сериал,16+,ТВ Сериал,12
641,Невероятное приключение ДжоДжо: Каменный океан. Часть 3,Приключения;Сёнэн;Экшен,8.9,5149.0,,David Production,ONA,18+,ONA,14
642,Школа мертвецов: Мёртвые бродяги,Комедия;Сверхъестественное;Этти,8.2,2121.0,,Madhouse Studios,OVA,18+,OVA,1
643,Блейм! Спешл,Меха;Фантастика,5.3,175.0,,Group TAC,Спешл,16+,Спешл,1
644,Удзаки хочет тусоваться! 2,Комедия;Повседневность;Романтика;Этти,8.3,5130.0,Осень 2022,ENGI,ТВ Сериал,16+,ТВ Сериал,13
645,Горячий парень Джей: Спешл,Меха;Полиция;Приключения;Фантастика;Экшен,,,,Satelight,Спешл,16+,Спешл,1
646,Гипнотический микрофон: Рэп-баттл дивизионов 2,Драма;Музыка,6.7,237.0,Осень 2023,A-1 Pictures Inc.,ТВ Сериал,18+,ТВ Сериал,13
647,Негативный позитивный рыбак,Приключения,8.7,589.0,Осень 2024,NUT,ТВ Сериал,16+,ТВ Сериал,1
648,Персона 4: Фактор надежды,Детектив;Приключения;Сверхъестественное;Супер сила;Школа,,,,AIC A.S.T.A.,Фильм,16+,Фильм,1
649,Мои девушки,Гарем;Комедия;Повседневность;Романтика;Сёнэн;Школа,7.3,4830.0,Лето 2021,Tezuka Production,ТВ Сериал,16+,ТВ Сериал,12
650,Наруто: Спортивный фестиваль Конохи,Боевые искусства;Комедия;Сёнэн;Спорт;Фэнтези;Экшен,7.8,1782.0,,Studio Pierrot,Спешл,16+,Спешл,1
651,Жизнь без оружия 2,Драма;Сэйнэн;Фантастика;Экшен,8.8,2660.0,Лето 2020,Madhouse Studios,ТВ Сериал,18+,ТВ Сериал,12
652,Бугипоп никогда не смеётся,Безумие;Детектив;Драма;Психологическое;Сверхъестественное;Ужасы,6.9,273.0,Зима 2000,Madhouse Studios,ТВ Сериал,18+,ТВ Сериал,12
653,Ярость Бахамута: Генезис,Демоны;Магия;Приключения;Сверхъестественное;Фэнтези;Экшен,8.5,1717.0,Осень 2014,MAPPA,ТВ Сериал,18+,ТВ Сериал,12
654,Созданный в Бездне: Блуждающие сумерки,Детектив;Драма;Приключения;Фантастика;Фэнтези,9.3,3053.0,,Kinema Citrus,Фильм,18+,Фильм,1
655,Мы свяжем лодку,Драма;Повседневность;Романтика,8.4,374.0,Осень 2016,ZEXCS,ТВ Сериал,16+,ТВ Сериал,11
656,"Я стану злодейкой, которая войдёт в историю",Комедия;Романтика;Сёдзё;Фэнтези,8.4,1328.0,Осень 2024,,ТВ Сериал,16+,ТВ Сериал,1
657,Шпионский класс 2,Детектив;Фэнтези;Экшен,8.0,894.0,Лето 2023,feel.,ТВ Сериал,16+,ТВ Сериал,12
658,Фантастическая Звезда Онлайн 2,Игры;Фантастика;Школа;Экшен,7.3,230.0,Зима 2016,Telecom Animation Film,ТВ Сериал,16+,ТВ Сериал,12
659,Сервамп: Весь мир — театр,Дзёсэй;Драма;Комедия,7.7,263.0,,,Спешл,18+,Спешл,1
660,Магистр дьявольского культа 3,Демоны;Драма;Исторический;Магия;Сверхъестественное;Экшен,9.4,6432.0,,G.CMay Animation & Film,ONA,18+,ONA,12
661,Гяру и динозавр,Комедия;Повседневность;Сэйнэн,5.7,235.0,Весна 2020,Kamikaze Douga,ТВ Сериал,12+,ТВ Сериал,12
662,"Старик, перевоплотившийся в кота",Комедия,7.8,143.0,Осень 2024,,ТВ Сериал,16+,ТВ Сериал,1
663,Лунный проект,Музыка,5.4,125.0,Осень 2017,PRA,ТВ Сериал,16+,ТВ Сериал,13
664,"История о пареньке из деревни, расположенной перед сложнейшим подземельем",Приключения;Фэнтези,7.3,8173.0,Зима 2021,LIDEN FILMS,ТВ Сериал,12+,ТВ Сериал,12
665,Судьба/Великий приказ,Магия;Сверхъестественное;Фэнтези;Экшен,7.4,962.0,,Lay-duce,Спешл,16+,Спешл,1
666,A3! Весна и лето,Музыка,8.0,312.0,Зима 2020,P.A. Works,ТВ Сериал,16+,ТВ Сериал,12
667,Академия ведьмочек,Комедия;Магия;Приключения;Фэнтези;Школа,8.6,1915.0,Зима 2017,Trigger,ТВ Сериал,16+,ТВ Сериал,25
668,Иная,Детектив;Сверхъестественное;Триллер;Ужасы;Школа,8.4,7623.0,Зима 2012,P.A. Works,ТВ Сериал,18+,ТВ Сериал,12
669,Гарем рабов в лабиринте другого мира,Приключения;Романтика;Фэнтези;Экшен;Этти,7.5,9192.0,Лето 2022,Passione,ТВ Сериал,18+,ТВ Сериал,12
670,Re:Petit. Жизнь с малого в альтернативном мире,Комедия;Приключения;Фэнтези,6.4,708.0,,Studio Puyukai,Спешл,16+,Спешл,14
671,Ван-Пис фильм 8: Приключение в Алабасте — Принцесса пустыни и пираты,Приключения;Сёнэн;Фэнтези;Экшен,7.5,388.0,,Toei Animation,Фильм,16+,Фильм,1
672,Война горничных Акибы,Комедия;Экшен,8.5,3258.0,Осень 2022,P.A. Works,ТВ Сериал,18+,ТВ Сериал,12
673,Волшебница и злой офицер,Комедия;Пародия;Романтика;Сёнэн;Фэнтези,8.4,1365.0,Лето 2024,Bones,ТВ Сериал,16+,ТВ Сериал,12
674,"Кланнад: Продолжение истории — Другой мир, глава Кё",Драма;Романтика;Школа,8.5,446.0,,Kyoto Animation,Спешл,16+,Спешл,1
675,Темный мститель Дарксайд,Детектив;Психологическое;Ужасы;Фантастика,7.0,191.0,,J.C. Staff,Фильм,18+,Фильм,1
676,Волчица и пряности II: Спешлы,Фэнтези,8.3,1102.0,,Brains Base,Спешл,16+,Спешл,2
677,По велению адской сестры: Спешлы,Демоны;Комедия;Фэнтези;Этти,7.6,792.0,,Production IMS,Спешл,18+,Спешл,6
678,Доблесть рыцаря-неудачника,Романтика;Фэнтези;Школа;Экшен;Этти,8.2,8589.0,Осень 2015,Nexus,ТВ Сериал,18+,ТВ Сериал,12
679,Мировые легенды театра,,7.1,178.0,Весна 2023,Lerche,ТВ Сериал,16+,ТВ Сериал,12
680,Исчезновение Харухи Судзумии,Детектив;Комедия;Романтика;Сверхъестественное;Фантастика,9.1,2182.0,,Kyoto Animation,Фильм,16+,Фильм,1
681,Сказание о демонах сакуры: Сказание о Синсэнгуми,Дзёсэй;Драма;Исторический;Самураи;Сверхъестественное;Экшен,8.3,488.0,Весна 2010,Studio DEEN,ТВ Сериал,18+,ТВ Сериал,12
682,Рояль в лесу,Драма;Комедия;Музыка;Приключения;Сэйнэн;Школа,8.2,300.0,,,Фильм,16+,Фильм,1
683,Вторжение Кальмарки,Комедия;Повседневность;Сёнэн,8.0,237.0,Осень 2010,Diomedea,ТВ Сериал,16+,ТВ Сериал,12
684,Великий из бродячих псов: Сгнившее яблоко,Детектив;Комедия;Сверхъестественное;Супер сила;Экшен,9.1,4714.0,,Bones,Фильм,16+,Фильм,1
685,Повелитель тьмы: Другая история мира 2,Гарем;Комедия;Магия;Фэнтези;Этти,8.1,8552.0,Весна 2021,Tezuka Production,ТВ Сериал,18+,ТВ Сериал,10
